{"resourceType":"CodeSystem","id":"titulosCS","text":{"status":"generated","div":"<div xmlns=\"http://www.w3.org/1999/xhtml\"><p class=\"res-header-id\"><b>Generated Narrative: CodeSystem titulosCS</b></p><a name=\"titulosCS\"> </a><a name=\"hctitulosCS\"> </a><a name=\"titulosCS-en-US\"> </a><p>This  code system <code>http://sns.gob.es/fhir/tsi/CodeSystem/titulosCS</code> defines the following code:</p><table class=\"codes\"><tr><td style=\"white-space:nowrap\"><b>Code</b></td><td><b>Display</b></td></tr><tr><td style=\"white-space:nowrap\">97<a name=\"titulosCS-97\"> </a></td><td>MUFACE oción privada</td></tr></table></div>"},"url":"http://sns.gob.es/fhir/tsi/CodeSystem/titulosCS","version":"1.0.0","name":"TitulosCS","title":"CodeSystem Titulos","status":"draft","date":"2025-02-19T12:43:17+01:00","publisher":"SNS","contact":[{"name":"SNS","telecom":[{"system":"url","value":"https://sns.gob.es"},{"system":"email","value":"my-group@example.com"}]}],"description":"CodeSystem Titulos","content":"complete","count":1,"concept":[{"code":"97","display":"MUFACE oción privada"}]}