{"resourceType":"CodeSystem","id":"proveedoresCS","text":{"status":"generated","div":"<div xmlns=\"http://www.w3.org/1999/xhtml\"><p class=\"res-header-id\"><b>Generated Narrative: CodeSystem proveedoresCS</b></p><a name=\"proveedoresCS\"> </a><a name=\"hcproveedoresCS\"> </a><a name=\"proveedoresCS-en-US\"> </a><p>This  code system <code>http://sns.gob.es/fhir/tsi/CodeSystem/proveedoresCS</code> defines the following code:</p><table class=\"codes\"><tr><td style=\"white-space:nowrap\"><b>Code</b></td><td><b>Display</b></td></tr><tr><td style=\"white-space:nowrap\">20<a name=\"proveedoresCS-20\"> </a></td><td>DKV SEGUROS</td></tr></table></div>"},"url":"http://sns.gob.es/fhir/tsi/CodeSystem/proveedoresCS","version":"1.0.0","name":"ProveedoresCS","title":"CodeSystem Proveedores","status":"draft","date":"2025-02-19T12:43:17+01:00","publisher":"SNS","contact":[{"name":"SNS","telecom":[{"system":"url","value":"https://sns.gob.es"},{"system":"email","value":"my-group@example.com"}]}],"description":"CodeSystem Proveedores","content":"complete","count":1,"concept":[{"code":"20","display":"DKV SEGUROS"}]}