{"resourceType":"CodeSystem","id":"subIndicadorFarmaciaCS","text":{"status":"generated","div":"<div xmlns=\"http://www.w3.org/1999/xhtml\"><p class=\"res-header-id\"><b>Generated Narrative: CodeSystem subIndicadorFarmaciaCS</b></p><a name=\"subIndicadorFarmaciaCS\"> </a><a name=\"hcsubIndicadorFarmaciaCS\"> </a><a name=\"subIndicadorFarmaciaCS-en-US\"> </a><p>This  code system <code>http://sns.gob.es/fhir/tsi/CodeSystem/subIndicadorFarmaciaCS</code> defines the following code:</p><table class=\"codes\"><tr><td style=\"white-space:nowrap\"><b>Code</b></td><td><b>Display</b></td></tr><tr><td style=\"white-space:nowrap\">01<a name=\"subIndicadorFarmaciaCS-01\"> </a></td><td>Límite de aportación mensual de 8€</td></tr></table></div>"},"url":"http://sns.gob.es/fhir/tsi/CodeSystem/subIndicadorFarmaciaCS","version":"1.0.0","name":"SubIndicadorFarmaciaCS","title":"CodeSystem Subindicador Farmacia","status":"draft","date":"2025-02-19T12:43:17+01:00","publisher":"SNS","contact":[{"name":"SNS","telecom":[{"system":"url","value":"https://sns.gob.es"},{"system":"email","value":"my-group@example.com"}]}],"description":"CodeSystem SubIndicador Farmacia","content":"complete","count":1,"concept":[{"code":"01","display":"Límite de aportación mensual de 8€"}]}