{"resourceType":"ImplementationGuide","id":"tsi.sns.implementationGuide","text":{"status":"generated","div":"<div xmlns=\"http://www.w3.org/1999/xhtml\"><p class=\"res-header-id\"><b>Generated Narrative: ImplementationGuide tsi.sns.implementationGuide</b></p><a name=\"tsi.sns.implementationGuide\"> </a><a name=\"hctsi.sns.implementationGuide\"> </a><a name=\"tsi.sns.implementationGuide-en-US\"> </a><h2>TarjetaSanitariaIndividualIG</h2><p>The official URL for this implementation guide is: </p><pre>http://example.com/fhir/example</pre><div><p>Guía de Implementación Tarjeta Sanitaria Individual (TSI)</p>\n</div></div>"},"url":"http://example.com/fhir/example","version":"1.0.0","name":"TarjetaSanitariaIndividualIG","title":"Guía de Implementación Tarjeta Sanitaria Individual (TSI)","status":"draft","date":"2025-01-01","publisher":"SNS","contact":[{"name":"SNS","telecom":[{"system":"url","value":"https://sns.gob.es"},{"system":"email","value":"my-group@example.com"}]}],"description":"Guía de Implementación Tarjeta Sanitaria Individual (TSI)","packageId":"tsi.sns.implementationGuide","license":"CC0-1.0","fhirVersion":["4.0.1"],"dependsOn":[{"id":"hl7tx","extension":[{"url":"http://hl7.org/fhir/tools/StructureDefinition/implementationguide-dependency-comment","valueMarkdown":"Automatically added as a dependency - all IGs depend on HL7 Terminology"}],"uri":"http://terminology.hl7.org/ImplementationGuide/hl7.terminology","packageId":"hl7.terminology.r4","version":"6.2.0"},{"id":"hl7ext","extension":[{"url":"http://hl7.org/fhir/tools/StructureDefinition/implementationguide-dependency-comment","valueMarkdown":"Automatically added as a dependency - all IGs depend on the HL7 Extension Pack"}],"uri":"http://hl7.org/fhir/extensions/ImplementationGuide/hl7.fhir.uv.extensions","packageId":"hl7.fhir.uv.extensions.r4","version":"5.2.0"}],"definition":{"extension":[{"extension":[{"url":"code","valueString":"copyrightyear"},{"url":"value","valueString":"2024+"}],"url":"http://hl7.org/fhir/tools/StructureDefinition/ig-parameter"},{"extension":[{"url":"code","valueString":"releaselabel"},{"url":"value","valueString":"R4"}],"url":"http://hl7.org/fhir/tools/StructureDefinition/ig-parameter"},{"extension":[{"url":"code","valueString":"autoload-resources"},{"url":"value","valueString":"true"}],"url":"http://hl7.org/fhir/tools/StructureDefinition/ig-parameter"},{"extension":[{"url":"code","valueString":"path-liquid"},{"url":"value","valueString":"template/liquid"}],"url":"http://hl7.org/fhir/tools/StructureDefinition/ig-parameter"},{"extension":[{"url":"code","valueString":"path-liquid"},{"url":"value","valueString":"input/liquid"}],"url":"http://hl7.org/fhir/tools/StructureDefinition/ig-parameter"},{"extension":[{"url":"code","valueString":"path-qa"},{"url":"value","valueString":"temp/qa"}],"url":"http://hl7.org/fhir/tools/StructureDefinition/ig-parameter"},{"extension":[{"url":"code","valueString":"path-temp"},{"url":"value","valueString":"temp/pages"}],"url":"http://hl7.org/fhir/tools/StructureDefinition/ig-parameter"},{"extension":[{"url":"code","valueString":"path-output"},{"url":"value","valueString":"output"}],"url":"http://hl7.org/fhir/tools/StructureDefinition/ig-parameter"},{"extension":[{"url":"code","valueString":"path-suppressed-warnings"},{"url":"value","valueString":"input/ignoreWarnings.txt"}],"url":"http://hl7.org/fhir/tools/StructureDefinition/ig-parameter"},{"extension":[{"url":"code","valueString":"path-history"},{"url":"value","valueString":"history.html"}],"url":"http://hl7.org/fhir/tools/StructureDefinition/ig-parameter"},{"extension":[{"url":"code","valueString":"template-html"},{"url":"value","valueString":"template-page.html"}],"url":"http://hl7.org/fhir/tools/StructureDefinition/ig-parameter"},{"extension":[{"url":"code","valueString":"template-md"},{"url":"value","valueString":"template-page-md.html"}],"url":"http://hl7.org/fhir/tools/StructureDefinition/ig-parameter"},{"extension":[{"url":"code","valueString":"apply-contact"},{"url":"value","valueString":"true"}],"url":"http://hl7.org/fhir/tools/StructureDefinition/ig-parameter"},{"extension":[{"url":"code","valueString":"apply-context"},{"url":"value","valueString":"true"}],"url":"http://hl7.org/fhir/tools/StructureDefinition/ig-parameter"},{"extension":[{"url":"code","valueString":"apply-copyright"},{"url":"value","valueString":"true"}],"url":"http://hl7.org/fhir/tools/StructureDefinition/ig-parameter"},{"extension":[{"url":"code","valueString":"apply-jurisdiction"},{"url":"value","valueString":"true"}],"url":"http://hl7.org/fhir/tools/StructureDefinition/ig-parameter"},{"extension":[{"url":"code","valueString":"apply-license"},{"url":"value","valueString":"true"}],"url":"http://hl7.org/fhir/tools/StructureDefinition/ig-parameter"},{"extension":[{"url":"code","valueString":"apply-publisher"},{"url":"value","valueString":"true"}],"url":"http://hl7.org/fhir/tools/StructureDefinition/ig-parameter"},{"extension":[{"url":"code","valueString":"apply-version"},{"url":"value","valueString":"true"}],"url":"http://hl7.org/fhir/tools/StructureDefinition/ig-parameter"},{"extension":[{"url":"code","valueString":"apply-wg"},{"url":"value","valueString":"true"}],"url":"http://hl7.org/fhir/tools/StructureDefinition/ig-parameter"},{"extension":[{"url":"code","valueString":"active-tables"},{"url":"value","valueString":"true"}],"url":"http://hl7.org/fhir/tools/StructureDefinition/ig-parameter"},{"extension":[{"url":"code","valueString":"fmm-definition"},{"url":"value","valueString":"http://hl7.org/fhir/versions.html#maturity"}],"url":"http://hl7.org/fhir/tools/StructureDefinition/ig-parameter"},{"extension":[{"url":"code","valueString":"propagate-status"},{"url":"value","valueString":"true"}],"url":"http://hl7.org/fhir/tools/StructureDefinition/ig-parameter"},{"extension":[{"url":"code","valueString":"excludelogbinaryformat"},{"url":"value","valueString":"true"}],"url":"http://hl7.org/fhir/tools/StructureDefinition/ig-parameter"},{"extension":[{"url":"code","valueString":"tabbed-snapshots"},{"url":"value","valueString":"true"}],"url":"http://hl7.org/fhir/tools/StructureDefinition/ig-parameter"},{"url":"http://hl7.org/fhir/tools/StructureDefinition/ig-internal-dependency","valueCode":"hl7.fhir.uv.tools.r4#0.3.0"},{"extension":[{"url":"code","valueCode":"copyrightyear"},{"url":"value","valueString":"2024+"}],"url":"http://hl7.org/fhir/tools/StructureDefinition/ig-parameter"},{"extension":[{"url":"code","valueCode":"releaselabel"},{"url":"value","valueString":"R4"}],"url":"http://hl7.org/fhir/tools/StructureDefinition/ig-parameter"},{"extension":[{"url":"code","valueCode":"autoload-resources"},{"url":"value","valueString":"true"}],"url":"http://hl7.org/fhir/tools/StructureDefinition/ig-parameter"},{"extension":[{"url":"code","valueCode":"path-liquid"},{"url":"value","valueString":"template/liquid"}],"url":"http://hl7.org/fhir/tools/StructureDefinition/ig-parameter"},{"extension":[{"url":"code","valueCode":"path-liquid"},{"url":"value","valueString":"input/liquid"}],"url":"http://hl7.org/fhir/tools/StructureDefinition/ig-parameter"},{"extension":[{"url":"code","valueCode":"path-qa"},{"url":"value","valueString":"temp/qa"}],"url":"http://hl7.org/fhir/tools/StructureDefinition/ig-parameter"},{"extension":[{"url":"code","valueCode":"path-temp"},{"url":"value","valueString":"temp/pages"}],"url":"http://hl7.org/fhir/tools/StructureDefinition/ig-parameter"},{"extension":[{"url":"code","valueCode":"path-output"},{"url":"value","valueString":"output"}],"url":"http://hl7.org/fhir/tools/StructureDefinition/ig-parameter"},{"extension":[{"url":"code","valueCode":"path-suppressed-warnings"},{"url":"value","valueString":"input/ignoreWarnings.txt"}],"url":"http://hl7.org/fhir/tools/StructureDefinition/ig-parameter"},{"extension":[{"url":"code","valueCode":"path-history"},{"url":"value","valueString":"history.html"}],"url":"http://hl7.org/fhir/tools/StructureDefinition/ig-parameter"},{"extension":[{"url":"code","valueCode":"template-html"},{"url":"value","valueString":"template-page.html"}],"url":"http://hl7.org/fhir/tools/StructureDefinition/ig-parameter"},{"extension":[{"url":"code","valueCode":"template-md"},{"url":"value","valueString":"template-page-md.html"}],"url":"http://hl7.org/fhir/tools/StructureDefinition/ig-parameter"},{"extension":[{"url":"code","valueCode":"apply-contact"},{"url":"value","valueString":"true"}],"url":"http://hl7.org/fhir/tools/StructureDefinition/ig-parameter"},{"extension":[{"url":"code","valueCode":"apply-context"},{"url":"value","valueString":"true"}],"url":"http://hl7.org/fhir/tools/StructureDefinition/ig-parameter"},{"extension":[{"url":"code","valueCode":"apply-copyright"},{"url":"value","valueString":"true"}],"url":"http://hl7.org/fhir/tools/StructureDefinition/ig-parameter"},{"extension":[{"url":"code","valueCode":"apply-jurisdiction"},{"url":"value","valueString":"true"}],"url":"http://hl7.org/fhir/tools/StructureDefinition/ig-parameter"},{"extension":[{"url":"code","valueCode":"apply-license"},{"url":"value","valueString":"true"}],"url":"http://hl7.org/fhir/tools/StructureDefinition/ig-parameter"},{"extension":[{"url":"code","valueCode":"apply-publisher"},{"url":"value","valueString":"true"}],"url":"http://hl7.org/fhir/tools/StructureDefinition/ig-parameter"},{"extension":[{"url":"code","valueCode":"apply-version"},{"url":"value","valueString":"true"}],"url":"http://hl7.org/fhir/tools/StructureDefinition/ig-parameter"},{"extension":[{"url":"code","valueCode":"apply-wg"},{"url":"value","valueString":"true"}],"url":"http://hl7.org/fhir/tools/StructureDefinition/ig-parameter"},{"extension":[{"url":"code","valueCode":"active-tables"},{"url":"value","valueString":"true"}],"url":"http://hl7.org/fhir/tools/StructureDefinition/ig-parameter"},{"extension":[{"url":"code","valueCode":"fmm-definition"},{"url":"value","valueString":"http://hl7.org/fhir/versions.html#maturity"}],"url":"http://hl7.org/fhir/tools/StructureDefinition/ig-parameter"},{"extension":[{"url":"code","valueCode":"propagate-status"},{"url":"value","valueString":"true"}],"url":"http://hl7.org/fhir/tools/StructureDefinition/ig-parameter"},{"extension":[{"url":"code","valueCode":"excludelogbinaryformat"},{"url":"value","valueString":"true"}],"url":"http://hl7.org/fhir/tools/StructureDefinition/ig-parameter"},{"extension":[{"url":"code","valueCode":"tabbed-snapshots"},{"url":"value","valueString":"true"}],"url":"http://hl7.org/fhir/tools/StructureDefinition/ig-parameter"},{"extension":[{"url":"code","valueCode":"copyrightyear"},{"url":"value","valueString":"2024+"}],"url":"http://hl7.org/fhir/tools/StructureDefinition/ig-parameter"},{"extension":[{"url":"code","valueCode":"releaselabel"},{"url":"value","valueString":"R4"}],"url":"http://hl7.org/fhir/tools/StructureDefinition/ig-parameter"},{"extension":[{"url":"code","valueCode":"autoload-resources"},{"url":"value","valueString":"true"}],"url":"http://hl7.org/fhir/tools/StructureDefinition/ig-parameter"},{"extension":[{"url":"code","valueCode":"path-liquid"},{"url":"value","valueString":"template/liquid"}],"url":"http://hl7.org/fhir/tools/StructureDefinition/ig-parameter"},{"extension":[{"url":"code","valueCode":"path-liquid"},{"url":"value","valueString":"input/liquid"}],"url":"http://hl7.org/fhir/tools/StructureDefinition/ig-parameter"},{"extension":[{"url":"code","valueCode":"path-qa"},{"url":"value","valueString":"temp/qa"}],"url":"http://hl7.org/fhir/tools/StructureDefinition/ig-parameter"},{"extension":[{"url":"code","valueCode":"path-temp"},{"url":"value","valueString":"temp/pages"}],"url":"http://hl7.org/fhir/tools/StructureDefinition/ig-parameter"},{"extension":[{"url":"code","valueCode":"path-output"},{"url":"value","valueString":"output"}],"url":"http://hl7.org/fhir/tools/StructureDefinition/ig-parameter"},{"extension":[{"url":"code","valueCode":"path-suppressed-warnings"},{"url":"value","valueString":"input/ignoreWarnings.txt"}],"url":"http://hl7.org/fhir/tools/StructureDefinition/ig-parameter"},{"extension":[{"url":"code","valueCode":"path-history"},{"url":"value","valueString":"history.html"}],"url":"http://hl7.org/fhir/tools/StructureDefinition/ig-parameter"},{"extension":[{"url":"code","valueCode":"template-html"},{"url":"value","valueString":"template-page.html"}],"url":"http://hl7.org/fhir/tools/StructureDefinition/ig-parameter"},{"extension":[{"url":"code","valueCode":"template-md"},{"url":"value","valueString":"template-page-md.html"}],"url":"http://hl7.org/fhir/tools/StructureDefinition/ig-parameter"},{"extension":[{"url":"code","valueCode":"apply-contact"},{"url":"value","valueString":"true"}],"url":"http://hl7.org/fhir/tools/StructureDefinition/ig-parameter"},{"extension":[{"url":"code","valueCode":"apply-context"},{"url":"value","valueString":"true"}],"url":"http://hl7.org/fhir/tools/StructureDefinition/ig-parameter"},{"extension":[{"url":"code","valueCode":"apply-copyright"},{"url":"value","valueString":"true"}],"url":"http://hl7.org/fhir/tools/StructureDefinition/ig-parameter"},{"extension":[{"url":"code","valueCode":"apply-jurisdiction"},{"url":"value","valueString":"true"}],"url":"http://hl7.org/fhir/tools/StructureDefinition/ig-parameter"},{"extension":[{"url":"code","valueCode":"apply-license"},{"url":"value","valueString":"true"}],"url":"http://hl7.org/fhir/tools/StructureDefinition/ig-parameter"},{"extension":[{"url":"code","valueCode":"apply-publisher"},{"url":"value","valueString":"true"}],"url":"http://hl7.org/fhir/tools/StructureDefinition/ig-parameter"},{"extension":[{"url":"code","valueCode":"apply-version"},{"url":"value","valueString":"true"}],"url":"http://hl7.org/fhir/tools/StructureDefinition/ig-parameter"},{"extension":[{"url":"code","valueCode":"apply-wg"},{"url":"value","valueString":"true"}],"url":"http://hl7.org/fhir/tools/StructureDefinition/ig-parameter"},{"extension":[{"url":"code","valueCode":"active-tables"},{"url":"value","valueString":"true"}],"url":"http://hl7.org/fhir/tools/StructureDefinition/ig-parameter"},{"extension":[{"url":"code","valueCode":"fmm-definition"},{"url":"value","valueString":"http://hl7.org/fhir/versions.html#maturity"}],"url":"http://hl7.org/fhir/tools/StructureDefinition/ig-parameter"},{"extension":[{"url":"code","valueCode":"propagate-status"},{"url":"value","valueString":"true"}],"url":"http://hl7.org/fhir/tools/StructureDefinition/ig-parameter"},{"extension":[{"url":"code","valueCode":"excludelogbinaryformat"},{"url":"value","valueString":"true"}],"url":"http://hl7.org/fhir/tools/StructureDefinition/ig-parameter"},{"extension":[{"url":"code","valueCode":"tabbed-snapshots"},{"url":"value","valueString":"true"}],"url":"http://hl7.org/fhir/tools/StructureDefinition/ig-parameter"}],"grouping":[{"id":"-str-profile","name":"Structures: Resource Profiles","description":"These define constraints on FHIR resources for systems conforming to this implementation guide."},{"id":"-str-extension","name":"Structures: Extension Definitions","description":"These define constraints on FHIR data types for systems conforming to this implementation guide."},{"id":"-term-valueset","name":"Terminology: Value Sets","description":"These define sets of codes used by systems conforming to this implementation guide."},{"id":"-term-codesystem","name":"Terminology: Code Systems","description":"These define new code systems used by systems conforming to this implementation guide."},{"id":"-ex-example","name":"Example: Example Instances","description":"These are example instances that show what data produced and consumed by systems conforming with this implementation guide might look like."}],"resource":[{"extension":[{"url":"http://hl7.org/fhir/tools/StructureDefinition/resource-sort","valueInteger":999999999},{"url":"http://hl7.org/fhir/StructureDefinition/implementationguide-page","valueUri":"StructureDefinition-PatientSNS.html"}],"reference":{"reference":"StructureDefinition/PatientSNS"},"name":"Paciente","description":"Este perfil define como se modela un recurso FHIR Patient en FHIR como propósito de esta guía.","exampleBoolean":false,"groupingId":"-str-profile"},{"extension":[{"url":"http://hl7.org/fhir/tools/StructureDefinition/resource-sort","valueInteger":999999999},{"url":"http://hl7.org/fhir/StructureDefinition/implementationguide-page","valueUri":"StructureDefinition-patient-address-bis.html"}],"reference":{"reference":"StructureDefinition/patient-address-bis"},"name":"Bis","description":"Bis","exampleBoolean":false,"groupingId":"-str-extension"},{"extension":[{"url":"http://hl7.org/fhir/tools/StructureDefinition/resource-sort","valueInteger":999999999},{"url":"http://hl7.org/fhir/StructureDefinition/implementationguide-page","valueUri":"StructureDefinition-patient-address-bloque.html"}],"reference":{"reference":"StructureDefinition/patient-address-bloque"},"name":"Bloque","description":"Bloque","exampleBoolean":false,"groupingId":"-str-extension"},{"extension":[{"url":"http://hl7.org/fhir/tools/StructureDefinition/resource-sort","valueInteger":999999999},{"url":"http://hl7.org/fhir/StructureDefinition/implementationguide-page","valueUri":"StructureDefinition-patient-adscription-community.html"}],"reference":{"reference":"StructureDefinition/patient-adscription-community"},"name":"CA Adscripción paciente","description":"CA Adscripción paciente","exampleBoolean":false,"groupingId":"-str-extension"},{"extension":[{"url":"http://hl7.org/fhir/tools/StructureDefinition/resource-sort","valueInteger":999999999},{"url":"http://hl7.org/fhir/StructureDefinition/implementationguide-page","valueUri":"StructureDefinition-patient-inscription-community.html"}],"reference":{"reference":"StructureDefinition/patient-inscription-community"},"name":"CA Inscripción coberturas paciente","description":"CA Inscripción coberturas paciente","exampleBoolean":false,"groupingId":"-str-extension"},{"extension":[{"url":"http://hl7.org/fhir/tools/StructureDefinition/resource-sort","valueInteger":999999999},{"url":"http://hl7.org/fhir/StructureDefinition/implementationguide-page","valueUri":"StructureDefinition-patient-birth-community.html"}],"reference":{"reference":"StructureDefinition/patient-birth-community"},"name":"CA Nacimiento paciente","description":"CA Nacimiento paciente","exampleBoolean":false,"groupingId":"-str-extension"},{"extension":[{"url":"http://hl7.org/fhir/tools/StructureDefinition/resource-sort","valueInteger":999999999},{"url":"http://hl7.org/fhir/StructureDefinition/implementationguide-page","valueUri":"StructureDefinition-patient-temporalidad-ca.html"}],"reference":{"reference":"StructureDefinition/patient-temporalidad-ca"},"name":"CA Temporalidad","description":"CA Temporalidad","exampleBoolean":false,"groupingId":"-str-extension"},{"extension":[{"url":"http://hl7.org/fhir/tools/StructureDefinition/resource-sort","valueInteger":999999999},{"url":"http://hl7.org/fhir/StructureDefinition/implementationguide-page","valueUri":"StructureDefinition-iso21090-ADXP-postBox.html"}],"reference":{"reference":"StructureDefinition/iso21090-ADXP-postBox"},"name":"Codigo Postal","description":"Codigo Postal","exampleBoolean":false,"groupingId":"-str-extension"},{"extension":[{"url":"http://hl7.org/fhir/tools/StructureDefinition/resource-sort","valueInteger":999999999},{"url":"http://hl7.org/fhir/StructureDefinition/implementationguide-page","valueUri":"StructureDefinition-patient-coverage-insurance.html"}],"reference":{"reference":"StructureDefinition/patient-coverage-insurance"},"name":"Entidades Aseguradoras coberturas paciente","description":"Entidades Aseguradoras coberturas paciente","exampleBoolean":false,"groupingId":"-str-extension"},{"extension":[{"url":"http://hl7.org/fhir/tools/StructureDefinition/resource-sort","valueInteger":999999999},{"url":"http://hl7.org/fhir/StructureDefinition/implementationguide-page","valueUri":"StructureDefinition-patient-coverage-entities.html"}],"reference":{"reference":"StructureDefinition/patient-coverage-entities"},"name":"Entidades Colaboradoras coberturas paciente","description":"Entidades Colaboradoras coberturas paciente","exampleBoolean":false,"groupingId":"-str-extension"},{"extension":[{"url":"http://hl7.org/fhir/tools/StructureDefinition/resource-sort","valueInteger":999999999},{"url":"http://hl7.org/fhir/StructureDefinition/implementationguide-page","valueUri":"StructureDefinition-patient-coverage-mgt.html"}],"reference":{"reference":"StructureDefinition/patient-coverage-mgt"},"name":"Entidades Gestoras coberturas paciente","description":"Entidades Gestoras coberturas paciente","exampleBoolean":false,"groupingId":"-str-extension"},{"extension":[{"url":"http://hl7.org/fhir/tools/StructureDefinition/resource-sort","valueInteger":999999999},{"url":"http://hl7.org/fhir/StructureDefinition/implementationguide-page","valueUri":"StructureDefinition-patient-address-escalera.html"}],"reference":{"reference":"StructureDefinition/patient-address-escalera"},"name":"Escalera","description":"Escalera","exampleBoolean":false,"groupingId":"-str-extension"},{"extension":[{"url":"http://hl7.org/fhir/tools/StructureDefinition/resource-sort","valueInteger":999999999},{"url":"http://hl7.org/fhir/StructureDefinition/implementationguide-page","valueUri":"StructureDefinition-estado-comprobacion-indef.html"}],"reference":{"reference":"StructureDefinition/estado-comprobacion-indef"},"name":"Estado comprobación fecha defunción","description":"Estado comprobación fecha defunción","exampleBoolean":false,"groupingId":"-str-extension"},{"extension":[{"url":"http://hl7.org/fhir/tools/StructureDefinition/resource-sort","valueInteger":999999999},{"url":"http://hl7.org/fhir/StructureDefinition/implementationguide-page","valueUri":"StructureDefinition-patient-foreigner.html"}],"reference":{"reference":"StructureDefinition/patient-foreigner"},"name":"Extranjero","description":"Extranjero","exampleBoolean":false,"groupingId":"-str-extension"},{"extension":[{"url":"http://hl7.org/fhir/tools/StructureDefinition/resource-sort","valueInteger":999999999},{"url":"http://hl7.org/fhir/StructureDefinition/implementationguide-page","valueUri":"StructureDefinition-patient-passive-date.html"}],"reference":{"reference":"StructureDefinition/patient-passive-date"},"name":"Fecha Paso a Pasivo","description":"Fecha Paso a Pasivo","exampleBoolean":false,"groupingId":"-str-extension"},{"extension":[{"url":"http://hl7.org/fhir/tools/StructureDefinition/resource-sort","valueInteger":999999999},{"url":"http://hl7.org/fhir/StructureDefinition/implementationguide-page","valueUri":"StructureDefinition-patient-creation-datetime.html"}],"reference":{"reference":"StructureDefinition/patient-creation-datetime"},"name":"Fecha de alta del registro. Formato yyyy-mm-dd","description":"Fecha de alta del registro. Formato yyyy-mm-dd","exampleBoolean":false,"groupingId":"-str-extension"},{"extension":[{"url":"http://hl7.org/fhir/tools/StructureDefinition/resource-sort","valueInteger":999999999},{"url":"http://hl7.org/fhir/StructureDefinition/implementationguide-page","valueUri":"StructureDefinition-patient-temporalidad-end-date.html"}],"reference":{"reference":"StructureDefinition/patient-temporalidad-end-date"},"name":"Fecha fin temporalidad","description":"Fecha fin temporalidad","exampleBoolean":false,"groupingId":"-str-extension"},{"extension":[{"url":"http://hl7.org/fhir/tools/StructureDefinition/resource-sort","valueInteger":999999999},{"url":"http://hl7.org/fhir/StructureDefinition/implementationguide-page","valueUri":"StructureDefinition-patient-temporalidad-start-date.html"}],"reference":{"reference":"StructureDefinition/patient-temporalidad-start-date"},"name":"Fecha inicio temporalidad","description":"Fecha inicio temporalidad","exampleBoolean":false,"groupingId":"-str-extension"},{"extension":[{"url":"http://hl7.org/fhir/tools/StructureDefinition/resource-sort","valueInteger":999999999},{"url":"http://hl7.org/fhir/StructureDefinition/implementationguide-page","valueUri":"StructureDefinition-patient-dniDup.html"}],"reference":{"reference":"StructureDefinition/patient-dniDup"},"name":"Flag Duplicado DNI","description":"Flag Duplicado DNI","exampleBoolean":false,"groupingId":"-str-extension"},{"extension":[{"url":"http://hl7.org/fhir/tools/StructureDefinition/resource-sort","valueInteger":999999999},{"url":"http://hl7.org/fhir/StructureDefinition/implementationguide-page","valueUri":"StructureDefinition-patient-pharmacy-indicator.html"}],"reference":{"reference":"StructureDefinition/patient-pharmacy-indicator"},"name":"Indicador Farmacia paciente","description":"Indicador Farmacia paciente","exampleBoolean":false,"groupingId":"-str-extension"},{"extension":[{"url":"http://hl7.org/fhir/tools/StructureDefinition/resource-sort","valueInteger":999999999},{"url":"http://hl7.org/fhir/StructureDefinition/implementationguide-page","valueUri":"StructureDefinition-patient-passive-cause.html"}],"reference":{"reference":"StructureDefinition/patient-passive-cause"},"name":"Motivo Causa Pasivo","description":"Motivo Causa Pasivo","exampleBoolean":false,"groupingId":"-str-extension"},{"extension":[{"url":"http://hl7.org/fhir/tools/StructureDefinition/resource-sort","valueInteger":999999999},{"url":"http://hl7.org/fhir/StructureDefinition/implementationguide-page","valueUri":"StructureDefinition-patient-address-municipio.html"}],"reference":{"reference":"StructureDefinition/patient-address-municipio"},"name":"Municipio","description":"Municipio","exampleBoolean":false,"groupingId":"-str-extension"},{"extension":[{"url":"http://hl7.org/fhir/tools/StructureDefinition/resource-sort","valueInteger":999999999},{"url":"http://hl7.org/fhir/StructureDefinition/implementationguide-page","valueUri":"StructureDefinition-iso21090-ADXP-streetName.html"}],"reference":{"reference":"StructureDefinition/iso21090-ADXP-streetName"},"name":"Nombre Via","description":"Nombre Via","exampleBoolean":false,"groupingId":"-str-extension"},{"extension":[{"url":"http://hl7.org/fhir/tools/StructureDefinition/resource-sort","valueInteger":999999999},{"url":"http://hl7.org/fhir/StructureDefinition/implementationguide-page","valueUri":"StructureDefinition-iso21090-ADXP-houseNumber.html"}],"reference":{"reference":"StructureDefinition/iso21090-ADXP-houseNumber"},"name":"Numero","description":"Numero","exampleBoolean":false,"groupingId":"-str-extension"},{"extension":[{"url":"http://hl7.org/fhir/tools/StructureDefinition/resource-sort","valueInteger":999999999},{"url":"http://hl7.org/fhir/StructureDefinition/implementationguide-page","valueUri":"StructureDefinition-patient-birth-country.html"}],"reference":{"reference":"StructureDefinition/patient-birth-country"},"name":"Pais Nacimiento paciente","description":"País Nacimiento paciente","exampleBoolean":false,"groupingId":"-str-extension"},{"extension":[{"url":"http://hl7.org/fhir/tools/StructureDefinition/resource-sort","valueInteger":999999999},{"url":"http://hl7.org/fhir/StructureDefinition/implementationguide-page","valueUri":"StructureDefinition-patient-address-piso.html"}],"reference":{"reference":"StructureDefinition/patient-address-piso"},"name":"Piso","description":"Piso","exampleBoolean":false,"groupingId":"-str-extension"},{"extension":[{"url":"http://hl7.org/fhir/tools/StructureDefinition/resource-sort","valueInteger":999999999},{"url":"http://hl7.org/fhir/StructureDefinition/implementationguide-page","valueUri":"StructureDefinition-patient-surname1.html"}],"reference":{"reference":"StructureDefinition/patient-surname1"},"name":"Primer Apellido","description":"Primer Apellido","exampleBoolean":false,"groupingId":"-str-extension"},{"extension":[{"url":"http://hl7.org/fhir/tools/StructureDefinition/resource-sort","valueInteger":999999999},{"url":"http://hl7.org/fhir/StructureDefinition/implementationguide-page","valueUri":"StructureDefinition-patient-coverage-providers.html"}],"reference":{"reference":"StructureDefinition/patient-coverage-providers"},"name":"Proveedores coberturas paciente","description":"Proveedores coberturas paciente","exampleBoolean":false,"groupingId":"-str-extension"},{"extension":[{"url":"http://hl7.org/fhir/tools/StructureDefinition/resource-sort","valueInteger":999999999},{"url":"http://hl7.org/fhir/StructureDefinition/implementationguide-page","valueUri":"StructureDefinition-patient-address-provincia.html"}],"reference":{"reference":"StructureDefinition/patient-address-provincia"},"name":"Provincia","description":"Provincia","exampleBoolean":false,"groupingId":"-str-extension"},{"extension":[{"url":"http://hl7.org/fhir/tools/StructureDefinition/resource-sort","valueInteger":999999999},{"url":"http://hl7.org/fhir/StructureDefinition/implementationguide-page","valueUri":"StructureDefinition-patient-address-puerta.html"}],"reference":{"reference":"StructureDefinition/patient-address-puerta"},"name":"Puerta","description":"Puerta","exampleBoolean":false,"groupingId":"-str-extension"},{"extension":[{"url":"http://hl7.org/fhir/tools/StructureDefinition/resource-sort","valueInteger":999999999},{"url":"http://hl7.org/fhir/StructureDefinition/implementationguide-page","valueUri":"StructureDefinition-patient-surname2.html"}],"reference":{"reference":"StructureDefinition/patient-surname2"},"name":"Segundo Apellido","description":"Segundo Apellido","exampleBoolean":false,"groupingId":"-str-extension"},{"extension":[{"url":"http://hl7.org/fhir/tools/StructureDefinition/resource-sort","valueInteger":999999999},{"url":"http://hl7.org/fhir/StructureDefinition/implementationguide-page","valueUri":"StructureDefinition-patient-sexoNacimiento.html"}],"reference":{"reference":"StructureDefinition/patient-sexoNacimiento"},"name":"Sexo Nacimiento","description":"Sexo Nacimiento","exampleBoolean":false,"groupingId":"-str-extension"},{"extension":[{"url":"http://hl7.org/fhir/tools/StructureDefinition/resource-sort","valueInteger":999999999},{"url":"http://hl7.org/fhir/StructureDefinition/implementationguide-page","valueUri":"StructureDefinition-patient-coverage-situation.html"}],"reference":{"reference":"StructureDefinition/patient-coverage-situation"},"name":"Situación coberturas paciente","description":"Situación coberturas paciente","exampleBoolean":false,"groupingId":"-str-extension"},{"extension":[{"url":"http://hl7.org/fhir/tools/StructureDefinition/resource-sort","valueInteger":999999999},{"url":"http://hl7.org/fhir/StructureDefinition/implementationguide-page","valueUri":"StructureDefinition-patient-pharmacy-subindicator.html"}],"reference":{"reference":"StructureDefinition/patient-pharmacy-subindicator"},"name":"SubIndicador Farmacia paciente","description":"SubIndicador Farmacia paciente","exampleBoolean":false,"groupingId":"-str-extension"},{"extension":[{"url":"http://hl7.org/fhir/tools/StructureDefinition/resource-sort","valueInteger":999999999},{"url":"http://hl7.org/fhir/StructureDefinition/implementationguide-page","valueUri":"StructureDefinition-iso21090-ADXP-streetNameType.html"}],"reference":{"reference":"StructureDefinition/iso21090-ADXP-streetNameType"},"name":"Tipo Via","description":"Tipo Via","exampleBoolean":false,"groupingId":"-str-extension"},{"extension":[{"url":"http://hl7.org/fhir/tools/StructureDefinition/resource-sort","valueInteger":999999999},{"url":"http://hl7.org/fhir/StructureDefinition/implementationguide-page","valueUri":"StructureDefinition-patient-coverage-title.html"}],"reference":{"reference":"StructureDefinition/patient-coverage-title"},"name":"Titulo coberturas paciente","description":"Titulo coberturas paciente","exampleBoolean":false,"groupingId":"-str-extension"},{"extension":[{"url":"http://hl7.org/fhir/tools/StructureDefinition/resource-sort","valueInteger":999999999},{"url":"http://hl7.org/fhir/StructureDefinition/implementationguide-page","valueUri":"ValueSet-indicadorFarmaciaVS.html"}],"reference":{"reference":"ValueSet/indicadorFarmaciaVS"},"name":"Indicador Farmacia ValueSet","description":"Indicador Farmacia ValueSet","exampleBoolean":false,"groupingId":"-term-valueset"},{"extension":[{"url":"http://hl7.org/fhir/tools/StructureDefinition/resource-sort","valueInteger":999999999},{"url":"http://hl7.org/fhir/StructureDefinition/implementationguide-page","valueUri":"ValueSet-aseguradorasVS.html"}],"reference":{"reference":"ValueSet/aseguradorasVS"},"name":"ValueSet Aseguradoras","description":"ValueSet Aseguradoras","exampleBoolean":false,"groupingId":"-term-valueset"},{"extension":[{"url":"http://hl7.org/fhir/tools/StructureDefinition/resource-sort","valueInteger":999999999},{"url":"http://hl7.org/fhir/StructureDefinition/implementationguide-page","valueUri":"ValueSet-colaboradorasVS.html"}],"reference":{"reference":"ValueSet/colaboradorasVS"},"name":"ValueSet Colaboradoras","description":"ValueSet Colaboradoras","exampleBoolean":false,"groupingId":"-term-valueset"},{"extension":[{"url":"http://hl7.org/fhir/tools/StructureDefinition/resource-sort","valueInteger":999999999},{"url":"http://hl7.org/fhir/StructureDefinition/implementationguide-page","valueUri":"ValueSet-comunidadesAutonomasVS.html"}],"reference":{"reference":"ValueSet/comunidadesAutonomasVS"},"name":"ValueSet Comunidades Autónomas","description":"ValueSet Comunidades Autónomas","exampleBoolean":false,"groupingId":"-term-valueset"},{"extension":[{"url":"http://hl7.org/fhir/tools/StructureDefinition/resource-sort","valueInteger":999999999},{"url":"http://hl7.org/fhir/StructureDefinition/implementationguide-page","valueUri":"ValueSet-estadosVS.html"}],"reference":{"reference":"ValueSet/estadosVS"},"name":"ValueSet Estado Paciente","description":"ValueSet Estado Paciente","exampleBoolean":false,"groupingId":"-term-valueset"},{"extension":[{"url":"http://hl7.org/fhir/tools/StructureDefinition/resource-sort","valueInteger":999999999},{"url":"http://hl7.org/fhir/StructureDefinition/implementationguide-page","valueUri":"ValueSet-gestorasVS.html"}],"reference":{"reference":"ValueSet/gestorasVS"},"name":"ValueSet Gestoras","description":"ValueSet Gestoras","exampleBoolean":false,"groupingId":"-term-valueset"},{"extension":[{"url":"http://hl7.org/fhir/tools/StructureDefinition/resource-sort","valueInteger":999999999},{"url":"http://hl7.org/fhir/StructureDefinition/implementationguide-page","valueUri":"ValueSet-municipiosVS.html"}],"reference":{"reference":"ValueSet/municipiosVS"},"name":"ValueSet Municipios","description":"ValueSet Municipios","exampleBoolean":false,"groupingId":"-term-valueset"},{"extension":[{"url":"http://hl7.org/fhir/tools/StructureDefinition/resource-sort","valueInteger":999999999},{"url":"http://hl7.org/fhir/StructureDefinition/implementationguide-page","valueUri":"ValueSet-nacionalidadesVS.html"}],"reference":{"reference":"ValueSet/nacionalidadesVS"},"name":"ValueSet Nacionalidades","description":"ValueSet Nacionalidades","exampleBoolean":false,"groupingId":"-term-valueset"},{"extension":[{"url":"http://hl7.org/fhir/tools/StructureDefinition/resource-sort","valueInteger":999999999},{"url":"http://hl7.org/fhir/StructureDefinition/implementationguide-page","valueUri":"ValueSet-paisesVS.html"}],"reference":{"reference":"ValueSet/paisesVS"},"name":"ValueSet Paises","description":"ValueSet Paises","exampleBoolean":false,"groupingId":"-term-valueset"},{"extension":[{"url":"http://hl7.org/fhir/tools/StructureDefinition/resource-sort","valueInteger":999999999},{"url":"http://hl7.org/fhir/StructureDefinition/implementationguide-page","valueUri":"ValueSet-proveedoresVS.html"}],"reference":{"reference":"ValueSet/proveedoresVS"},"name":"ValueSet Proveedores","description":"ValueSet Proveedores","exampleBoolean":false,"groupingId":"-term-valueset"},{"extension":[{"url":"http://hl7.org/fhir/tools/StructureDefinition/resource-sort","valueInteger":999999999},{"url":"http://hl7.org/fhir/StructureDefinition/implementationguide-page","valueUri":"ValueSet-provinciasVS.html"}],"reference":{"reference":"ValueSet/provinciasVS"},"name":"ValueSet Provincias","description":"ValueSet Provincias","exampleBoolean":false,"groupingId":"-term-valueset"},{"extension":[{"url":"http://hl7.org/fhir/tools/StructureDefinition/resource-sort","valueInteger":999999999},{"url":"http://hl7.org/fhir/StructureDefinition/implementationguide-page","valueUri":"ValueSet-situacionesVS.html"}],"reference":{"reference":"ValueSet/situacionesVS"},"name":"ValueSet Situaciones","description":"ValueSet Situaciones","exampleBoolean":false,"groupingId":"-term-valueset"},{"extension":[{"url":"http://hl7.org/fhir/tools/StructureDefinition/resource-sort","valueInteger":999999999},{"url":"http://hl7.org/fhir/StructureDefinition/implementationguide-page","valueUri":"ValueSet-subIndicadorFarmaciaVS.html"}],"reference":{"reference":"ValueSet/subIndicadorFarmaciaVS"},"name":"ValueSet Subindicador Farmacia","description":"ValueSet Subindicador Farmacia","exampleBoolean":false,"groupingId":"-term-valueset"},{"extension":[{"url":"http://hl7.org/fhir/tools/StructureDefinition/resource-sort","valueInteger":999999999},{"url":"http://hl7.org/fhir/StructureDefinition/implementationguide-page","valueUri":"ValueSet-tipoViaVS.html"}],"reference":{"reference":"ValueSet/tipoViaVS"},"name":"ValueSet Tipo de Via","description":"ValueSet Tipo de Via","exampleBoolean":false,"groupingId":"-term-valueset"},{"extension":[{"url":"http://hl7.org/fhir/tools/StructureDefinition/resource-sort","valueInteger":999999999},{"url":"http://hl7.org/fhir/StructureDefinition/implementationguide-page","valueUri":"ValueSet-titulosVS.html"}],"reference":{"reference":"ValueSet/titulosVS"},"name":"ValueSet Titulos","description":"ValueSet Titulos","exampleBoolean":false,"groupingId":"-term-valueset"},{"extension":[{"url":"http://hl7.org/fhir/tools/StructureDefinition/resource-sort","valueInteger":999999999},{"url":"http://hl7.org/fhir/StructureDefinition/implementationguide-page","valueUri":"ValueSet-estadoIndefVS.html"}],"reference":{"reference":"ValueSet/estadoIndefVS"},"name":"ValueSet comprobación Fecha Defunción","description":"ValueSet comprobación Fecha Defunción","exampleBoolean":false,"groupingId":"-term-valueset"},{"extension":[{"url":"http://hl7.org/fhir/tools/StructureDefinition/resource-sort","valueInteger":999999999},{"url":"http://hl7.org/fhir/StructureDefinition/implementationguide-page","valueUri":"CodeSystem-aseguradorasCS.html"}],"reference":{"reference":"CodeSystem/aseguradorasCS"},"name":"CodeSystem Aseguradoras","description":"CodeSystem Aseguradoras","exampleBoolean":false,"groupingId":"-term-codesystem"},{"extension":[{"url":"http://hl7.org/fhir/tools/StructureDefinition/resource-sort","valueInteger":999999999},{"url":"http://hl7.org/fhir/StructureDefinition/implementationguide-page","valueUri":"CodeSystem-colaboradorasCS.html"}],"reference":{"reference":"CodeSystem/colaboradorasCS"},"name":"CodeSystem Colaboradoras","description":"CodeSystem Colaboradoras","exampleBoolean":false,"groupingId":"-term-codesystem"},{"extension":[{"url":"http://hl7.org/fhir/tools/StructureDefinition/resource-sort","valueInteger":999999999},{"url":"http://hl7.org/fhir/StructureDefinition/implementationguide-page","valueUri":"CodeSystem-comunidadesAutonomasCS.html"}],"reference":{"reference":"CodeSystem/comunidadesAutonomasCS"},"name":"CodeSystem Comunidades Autónomas","description":"CodeSystem Comunidades Autónomas","exampleBoolean":false,"groupingId":"-term-codesystem"},{"extension":[{"url":"http://hl7.org/fhir/tools/StructureDefinition/resource-sort","valueInteger":999999999},{"url":"http://hl7.org/fhir/StructureDefinition/implementationguide-page","valueUri":"CodeSystem-estadosCS.html"}],"reference":{"reference":"CodeSystem/estadosCS"},"name":"CodeSystem Estado Paciente","description":"CodeSystem Estado Paciente","exampleBoolean":false,"groupingId":"-term-codesystem"},{"extension":[{"url":"http://hl7.org/fhir/tools/StructureDefinition/resource-sort","valueInteger":999999999},{"url":"http://hl7.org/fhir/StructureDefinition/implementationguide-page","valueUri":"CodeSystem-gestorasCS.html"}],"reference":{"reference":"CodeSystem/gestorasCS"},"name":"CodeSystem Gestoras","description":"CodeSystem Gestoras","exampleBoolean":false,"groupingId":"-term-codesystem"},{"extension":[{"url":"http://hl7.org/fhir/tools/StructureDefinition/resource-sort","valueInteger":999999999},{"url":"http://hl7.org/fhir/StructureDefinition/implementationguide-page","valueUri":"CodeSystem-indicadorFarmaciaCS.html"}],"reference":{"reference":"CodeSystem/indicadorFarmaciaCS"},"name":"CodeSystem Indicador Farmacia","description":"CodeSystem Indicador Farmacia","exampleBoolean":false,"groupingId":"-term-codesystem"},{"extension":[{"url":"http://hl7.org/fhir/tools/StructureDefinition/resource-sort","valueInteger":999999999},{"url":"http://hl7.org/fhir/StructureDefinition/implementationguide-page","valueUri":"CodeSystem-municipiosCS.html"}],"reference":{"reference":"CodeSystem/municipiosCS"},"name":"CodeSystem Municipios","description":"CodeSystem Municipios","exampleBoolean":false,"groupingId":"-term-codesystem"},{"extension":[{"url":"http://hl7.org/fhir/tools/StructureDefinition/resource-sort","valueInteger":999999999},{"url":"http://hl7.org/fhir/StructureDefinition/implementationguide-page","valueUri":"CodeSystem-nacionalidadesCS.html"}],"reference":{"reference":"CodeSystem/nacionalidadesCS"},"name":"CodeSystem Nacionalidades","description":"CodeSystem Nacionalidades","exampleBoolean":false,"groupingId":"-term-codesystem"},{"extension":[{"url":"http://hl7.org/fhir/tools/StructureDefinition/resource-sort","valueInteger":999999999},{"url":"http://hl7.org/fhir/StructureDefinition/implementationguide-page","valueUri":"CodeSystem-paisesCS.html"}],"reference":{"reference":"CodeSystem/paisesCS"},"name":"CodeSystem Paises","description":"CodeSystem Paises","exampleBoolean":false,"groupingId":"-term-codesystem"},{"extension":[{"url":"http://hl7.org/fhir/tools/StructureDefinition/resource-sort","valueInteger":999999999},{"url":"http://hl7.org/fhir/StructureDefinition/implementationguide-page","valueUri":"CodeSystem-proveedoresCS.html"}],"reference":{"reference":"CodeSystem/proveedoresCS"},"name":"CodeSystem Proveedores","description":"CodeSystem Proveedores","exampleBoolean":false,"groupingId":"-term-codesystem"},{"extension":[{"url":"http://hl7.org/fhir/tools/StructureDefinition/resource-sort","valueInteger":999999999},{"url":"http://hl7.org/fhir/StructureDefinition/implementationguide-page","valueUri":"CodeSystem-provinciasCS.html"}],"reference":{"reference":"CodeSystem/provinciasCS"},"name":"CodeSystem Provincias","description":"CodeSystem Provincias","exampleBoolean":false,"groupingId":"-term-codesystem"},{"extension":[{"url":"http://hl7.org/fhir/tools/StructureDefinition/resource-sort","valueInteger":999999999},{"url":"http://hl7.org/fhir/StructureDefinition/implementationguide-page","valueUri":"CodeSystem-situacionesCS.html"}],"reference":{"reference":"CodeSystem/situacionesCS"},"name":"CodeSystem Situaciones","description":"CodeSystem Situaciones","exampleBoolean":false,"groupingId":"-term-codesystem"},{"extension":[{"url":"http://hl7.org/fhir/tools/StructureDefinition/resource-sort","valueInteger":999999999},{"url":"http://hl7.org/fhir/StructureDefinition/implementationguide-page","valueUri":"CodeSystem-subIndicadorFarmaciaCS.html"}],"reference":{"reference":"CodeSystem/subIndicadorFarmaciaCS"},"name":"CodeSystem Subindicador Farmacia","description":"CodeSystem SubIndicador Farmacia","exampleBoolean":false,"groupingId":"-term-codesystem"},{"extension":[{"url":"http://hl7.org/fhir/tools/StructureDefinition/resource-sort","valueInteger":999999999},{"url":"http://hl7.org/fhir/StructureDefinition/implementationguide-page","valueUri":"CodeSystem-tipoViaCS.html"}],"reference":{"reference":"CodeSystem/tipoViaCS"},"name":"CodeSystem Tipo de Via","description":"CodeSystem Tipo de Via","exampleBoolean":false,"groupingId":"-term-codesystem"},{"extension":[{"url":"http://hl7.org/fhir/tools/StructureDefinition/resource-sort","valueInteger":999999999},{"url":"http://hl7.org/fhir/StructureDefinition/implementationguide-page","valueUri":"CodeSystem-titulosCS.html"}],"reference":{"reference":"CodeSystem/titulosCS"},"name":"CodeSystem Titulos","description":"CodeSystem Titulos","exampleBoolean":false,"groupingId":"-term-codesystem"},{"extension":[{"url":"http://hl7.org/fhir/tools/StructureDefinition/resource-sort","valueInteger":999999999},{"url":"http://hl7.org/fhir/StructureDefinition/implementationguide-page","valueUri":"CodeSystem-estadoIndefCS.html"}],"reference":{"reference":"CodeSystem/estadoIndefCS"},"name":"Estado comprobación Fecha Defunción","description":"Estado comprobación Fecha Defunción","exampleBoolean":false,"groupingId":"-term-codesystem"},{"extension":[{"url":"http://hl7.org/fhir/tools/StructureDefinition/resource-sort","valueInteger":999999999},{"url":"http://hl7.org/fhir/StructureDefinition/implementationguide-page","valueUri":"Patient-BBBBBBBBBB000432.html"}],"reference":{"reference":"Patient/BBBBBBBBBB000432"},"name":"BBBBBBBBBB000432","exampleCanonical":"http://sns.gob.es/fhir/tsi/StructureDefinition/PatientSNS","groupingId":"-ex-example"},{"extension":[{"url":"http://hl7.org/fhir/tools/StructureDefinition/resource-sort","valueInteger":999999999},{"url":"http://hl7.org/fhir/StructureDefinition/implementationguide-page","valueUri":"Patient-BBBBBBBBBB009934.html"}],"reference":{"reference":"Patient/BBBBBBBBBB009934"},"name":"Paciente Activo Europeo SNS","description":"Paciente Activo Europeo SNS","exampleCanonical":"http://sns.gob.es/fhir/tsi/StructureDefinition/PatientSNS","groupingId":"-ex-example"},{"extension":[{"url":"http://hl7.org/fhir/tools/StructureDefinition/resource-sort","valueInteger":999999999},{"url":"http://hl7.org/fhir/StructureDefinition/implementationguide-page","valueUri":"Patient-BBBBBBBBBB009933.html"}],"reference":{"reference":"Patient/BBBBBBBBBB009933"},"name":"Paciente Pasivo Otros Motivos SNS","description":"Paciente Pasivo Otros Motivos SNS","exampleCanonical":"http://sns.gob.es/fhir/tsi/StructureDefinition/PatientSNS","groupingId":"-ex-example"},{"extension":[{"url":"http://hl7.org/fhir/tools/StructureDefinition/resource-sort","valueInteger":999999999},{"url":"http://hl7.org/fhir/StructureDefinition/implementationguide-page","valueUri":"Patient-BBBBBBBBBB009932.html"}],"reference":{"reference":"Patient/BBBBBBBBBB009932"},"name":"Paciente Pasivo por Defunción SNS","description":"Paciente Pasivo por Defunción SNS","exampleCanonical":"http://sns.gob.es/fhir/tsi/StructureDefinition/PatientSNS","groupingId":"-ex-example"}],"page":{"extension":[{"url":"http://hl7.org/fhir/tools/StructureDefinition/ig-page-name","valueUrl":"toc.html"}],"nameUrl":"toc.html","title":"Table of Contents","generation":"html","page":[{"extension":[{"url":"http://hl7.org/fhir/tools/StructureDefinition/ig-page-name","valueUrl":"index.html"}],"nameUrl":"index.html","title":"Introducción","generation":"markdown"},{"extension":[{"url":"http://hl7.org/fhir/tools/StructureDefinition/ig-page-name","valueUrl":"altaCiudadano.html"}],"nameUrl":"altaCiudadano.html","title":"Alta Ciudadano","generation":"markdown"},{"extension":[{"url":"http://hl7.org/fhir/tools/StructureDefinition/ig-page-name","valueUrl":"bajaCiudadano.html"}],"nameUrl":"bajaCiudadano.html","title":"Baja Ciudadano","generation":"markdown"},{"extension":[{"url":"http://hl7.org/fhir/tools/StructureDefinition/ig-page-name","valueUrl":"casosUso.html"}],"nameUrl":"casosUso.html","title":"Casos de Uso","generation":"markdown"},{"extension":[{"url":"http://hl7.org/fhir/tools/StructureDefinition/ig-page-name","valueUrl":"consultarCiudadano.html"}],"nameUrl":"consultarCiudadano.html","title":"Consultar Ciudadano","generation":"markdown"},{"extension":[{"url":"http://hl7.org/fhir/tools/StructureDefinition/ig-page-name","valueUrl":"consultarCiudadanoEuropeo.html"}],"nameUrl":"consultarCiudadanoEuropeo.html","title":"Consultar Ciudadano Europeo","generation":"markdown"},{"extension":[{"url":"http://hl7.org/fhir/tools/StructureDefinition/ig-page-name","valueUrl":"diagramaSec.html"}],"nameUrl":"diagramaSec.html","title":"Diagrama de Secuencia","generation":"markdown"},{"extension":[{"url":"http://hl7.org/fhir/tools/StructureDefinition/ig-page-name","valueUrl":"llamadaAlta.html"}],"nameUrl":"llamadaAlta.html","title":"Definición Alta Ciudadano","generation":"markdown"},{"extension":[{"url":"http://hl7.org/fhir/tools/StructureDefinition/ig-page-name","valueUrl":"llamadaBaja.html"}],"nameUrl":"llamadaBaja.html","title":"Definición Baja Ciudadano","generation":"markdown"},{"extension":[{"url":"http://hl7.org/fhir/tools/StructureDefinition/ig-page-name","valueUrl":"llamadaConsulta.html"}],"nameUrl":"llamadaConsulta.html","title":"Definición Consulta Ciudadano","generation":"markdown"},{"extension":[{"url":"http://hl7.org/fhir/tools/StructureDefinition/ig-page-name","valueUrl":"llamadaNotificar.html"}],"nameUrl":"llamadaNotificar.html","title":"Definición Notificación Cambio","generation":"markdown"},{"extension":[{"url":"http://hl7.org/fhir/tools/StructureDefinition/ig-page-name","valueUrl":"llamadaModificacion.html"}],"nameUrl":"llamadaModificacion.html","title":"Definición Modificación","generation":"markdown"},{"extension":[{"url":"http://hl7.org/fhir/tools/StructureDefinition/ig-page-name","valueUrl":"mapeo.html"}],"nameUrl":"mapeo.html","title":"Mapeos","generation":"markdown"},{"extension":[{"url":"http://hl7.org/fhir/tools/StructureDefinition/ig-page-name","valueUrl":"modificarCiudadano.html"}],"nameUrl":"modificarCiudadano.html","title":"Modificar Ciudadano","generation":"markdown"},{"extension":[{"url":"http://hl7.org/fhir/tools/StructureDefinition/ig-page-name","valueUrl":"notificarCambio.html"}],"nameUrl":"notificarCambio.html","title":"Notificar Cambio","generation":"markdown"},{"extension":[{"url":"http://hl7.org/fhir/tools/StructureDefinition/ig-page-name","valueUrl":"terminologias.html"}],"nameUrl":"terminologias.html","title":"Terminologías","generation":"markdown"},{"extension":[{"url":"http://hl7.org/fhir/tools/StructureDefinition/ig-page-name","valueUrl":"seguridad.html"}],"nameUrl":"seguridad.html","title":"Seguridad","generation":"markdown"},{"extension":[{"url":"http://hl7.org/fhir/tools/StructureDefinition/ig-page-name","valueUrl":"artifacts.html"}],"nameUrl":"artifacts.html","title":"Artifacts Summary","generation":"html","page":[{"extension":[{"url":"http://hl7.org/fhir/tools/StructureDefinition/ig-page-name","valueUrl":"StructureDefinition-PatientSNS.html"}],"nameUrl":"StructureDefinition-PatientSNS.html","title":"Paciente","generation":"generated"},{"extension":[{"url":"http://hl7.org/fhir/tools/StructureDefinition/ig-page-name","valueUrl":"StructureDefinition-patient-address-bis.html"}],"nameUrl":"StructureDefinition-patient-address-bis.html","title":"Bis","generation":"generated"},{"extension":[{"url":"http://hl7.org/fhir/tools/StructureDefinition/ig-page-name","valueUrl":"StructureDefinition-patient-address-bloque.html"}],"nameUrl":"StructureDefinition-patient-address-bloque.html","title":"Bloque","generation":"generated"},{"extension":[{"url":"http://hl7.org/fhir/tools/StructureDefinition/ig-page-name","valueUrl":"StructureDefinition-patient-adscription-community.html"}],"nameUrl":"StructureDefinition-patient-adscription-community.html","title":"CA Adscripción paciente","generation":"generated"},{"extension":[{"url":"http://hl7.org/fhir/tools/StructureDefinition/ig-page-name","valueUrl":"StructureDefinition-patient-inscription-community.html"}],"nameUrl":"StructureDefinition-patient-inscription-community.html","title":"CA Inscripción coberturas paciente","generation":"generated"},{"extension":[{"url":"http://hl7.org/fhir/tools/StructureDefinition/ig-page-name","valueUrl":"StructureDefinition-patient-birth-community.html"}],"nameUrl":"StructureDefinition-patient-birth-community.html","title":"CA Nacimiento paciente","generation":"generated"},{"extension":[{"url":"http://hl7.org/fhir/tools/StructureDefinition/ig-page-name","valueUrl":"StructureDefinition-patient-temporalidad-ca.html"}],"nameUrl":"StructureDefinition-patient-temporalidad-ca.html","title":"CA Temporalidad","generation":"generated"},{"extension":[{"url":"http://hl7.org/fhir/tools/StructureDefinition/ig-page-name","valueUrl":"StructureDefinition-iso21090-ADXP-postBox.html"}],"nameUrl":"StructureDefinition-iso21090-ADXP-postBox.html","title":"Codigo Postal","generation":"generated"},{"extension":[{"url":"http://hl7.org/fhir/tools/StructureDefinition/ig-page-name","valueUrl":"StructureDefinition-patient-coverage-insurance.html"}],"nameUrl":"StructureDefinition-patient-coverage-insurance.html","title":"Entidades Aseguradoras coberturas paciente","generation":"generated"},{"extension":[{"url":"http://hl7.org/fhir/tools/StructureDefinition/ig-page-name","valueUrl":"StructureDefinition-patient-coverage-entities.html"}],"nameUrl":"StructureDefinition-patient-coverage-entities.html","title":"Entidades Colaboradoras coberturas paciente","generation":"generated"},{"extension":[{"url":"http://hl7.org/fhir/tools/StructureDefinition/ig-page-name","valueUrl":"StructureDefinition-patient-coverage-mgt.html"}],"nameUrl":"StructureDefinition-patient-coverage-mgt.html","title":"Entidades Gestoras coberturas paciente","generation":"generated"},{"extension":[{"url":"http://hl7.org/fhir/tools/StructureDefinition/ig-page-name","valueUrl":"StructureDefinition-patient-address-escalera.html"}],"nameUrl":"StructureDefinition-patient-address-escalera.html","title":"Escalera","generation":"generated"},{"extension":[{"url":"http://hl7.org/fhir/tools/StructureDefinition/ig-page-name","valueUrl":"StructureDefinition-estado-comprobacion-indef.html"}],"nameUrl":"StructureDefinition-estado-comprobacion-indef.html","title":"Estado comprobación fecha defunción","generation":"generated"},{"extension":[{"url":"http://hl7.org/fhir/tools/StructureDefinition/ig-page-name","valueUrl":"StructureDefinition-patient-foreigner.html"}],"nameUrl":"StructureDefinition-patient-foreigner.html","title":"Extranjero","generation":"generated"},{"extension":[{"url":"http://hl7.org/fhir/tools/StructureDefinition/ig-page-name","valueUrl":"StructureDefinition-patient-creation-datetime.html"}],"nameUrl":"StructureDefinition-patient-creation-datetime.html","title":"Fecha de alta del registro. Formato yyyy-mm-dd","generation":"generated"},{"extension":[{"url":"http://hl7.org/fhir/tools/StructureDefinition/ig-page-name","valueUrl":"StructureDefinition-patient-temporalidad-end-date.html"}],"nameUrl":"StructureDefinition-patient-temporalidad-end-date.html","title":"Fecha fin temporalidad","generation":"generated"},{"extension":[{"url":"http://hl7.org/fhir/tools/StructureDefinition/ig-page-name","valueUrl":"StructureDefinition-patient-temporalidad-start-date.html"}],"nameUrl":"StructureDefinition-patient-temporalidad-start-date.html","title":"Fecha inicio temporalidad","generation":"generated"},{"extension":[{"url":"http://hl7.org/fhir/tools/StructureDefinition/ig-page-name","valueUrl":"StructureDefinition-patient-passive-date.html"}],"nameUrl":"StructureDefinition-patient-passive-date.html","title":"Fecha Paso a Pasivo","generation":"generated"},{"extension":[{"url":"http://hl7.org/fhir/tools/StructureDefinition/ig-page-name","valueUrl":"StructureDefinition-patient-dniDup.html"}],"nameUrl":"StructureDefinition-patient-dniDup.html","title":"Flag Duplicado DNI","generation":"generated"},{"extension":[{"url":"http://hl7.org/fhir/tools/StructureDefinition/ig-page-name","valueUrl":"StructureDefinition-patient-pharmacy-indicator.html"}],"nameUrl":"StructureDefinition-patient-pharmacy-indicator.html","title":"Indicador Farmacia paciente","generation":"generated"},{"extension":[{"url":"http://hl7.org/fhir/tools/StructureDefinition/ig-page-name","valueUrl":"StructureDefinition-patient-passive-cause.html"}],"nameUrl":"StructureDefinition-patient-passive-cause.html","title":"Motivo Causa Pasivo","generation":"generated"},{"extension":[{"url":"http://hl7.org/fhir/tools/StructureDefinition/ig-page-name","valueUrl":"StructureDefinition-patient-address-municipio.html"}],"nameUrl":"StructureDefinition-patient-address-municipio.html","title":"Municipio","generation":"generated"},{"extension":[{"url":"http://hl7.org/fhir/tools/StructureDefinition/ig-page-name","valueUrl":"StructureDefinition-iso21090-ADXP-streetName.html"}],"nameUrl":"StructureDefinition-iso21090-ADXP-streetName.html","title":"Nombre Via","generation":"generated"},{"extension":[{"url":"http://hl7.org/fhir/tools/StructureDefinition/ig-page-name","valueUrl":"StructureDefinition-iso21090-ADXP-houseNumber.html"}],"nameUrl":"StructureDefinition-iso21090-ADXP-houseNumber.html","title":"Numero","generation":"generated"},{"extension":[{"url":"http://hl7.org/fhir/tools/StructureDefinition/ig-page-name","valueUrl":"StructureDefinition-patient-birth-country.html"}],"nameUrl":"StructureDefinition-patient-birth-country.html","title":"Pais Nacimiento paciente","generation":"generated"},{"extension":[{"url":"http://hl7.org/fhir/tools/StructureDefinition/ig-page-name","valueUrl":"StructureDefinition-patient-address-piso.html"}],"nameUrl":"StructureDefinition-patient-address-piso.html","title":"Piso","generation":"generated"},{"extension":[{"url":"http://hl7.org/fhir/tools/StructureDefinition/ig-page-name","valueUrl":"StructureDefinition-patient-surname1.html"}],"nameUrl":"StructureDefinition-patient-surname1.html","title":"Primer Apellido","generation":"generated"},{"extension":[{"url":"http://hl7.org/fhir/tools/StructureDefinition/ig-page-name","valueUrl":"StructureDefinition-patient-coverage-providers.html"}],"nameUrl":"StructureDefinition-patient-coverage-providers.html","title":"Proveedores coberturas paciente","generation":"generated"},{"extension":[{"url":"http://hl7.org/fhir/tools/StructureDefinition/ig-page-name","valueUrl":"StructureDefinition-patient-address-provincia.html"}],"nameUrl":"StructureDefinition-patient-address-provincia.html","title":"Provincia","generation":"generated"},{"extension":[{"url":"http://hl7.org/fhir/tools/StructureDefinition/ig-page-name","valueUrl":"StructureDefinition-patient-address-puerta.html"}],"nameUrl":"StructureDefinition-patient-address-puerta.html","title":"Puerta","generation":"generated"},{"extension":[{"url":"http://hl7.org/fhir/tools/StructureDefinition/ig-page-name","valueUrl":"StructureDefinition-patient-surname2.html"}],"nameUrl":"StructureDefinition-patient-surname2.html","title":"Segundo Apellido","generation":"generated"},{"extension":[{"url":"http://hl7.org/fhir/tools/StructureDefinition/ig-page-name","valueUrl":"StructureDefinition-patient-sexoNacimiento.html"}],"nameUrl":"StructureDefinition-patient-sexoNacimiento.html","title":"Sexo Nacimiento","generation":"generated"},{"extension":[{"url":"http://hl7.org/fhir/tools/StructureDefinition/ig-page-name","valueUrl":"StructureDefinition-patient-coverage-situation.html"}],"nameUrl":"StructureDefinition-patient-coverage-situation.html","title":"Situación coberturas paciente","generation":"generated"},{"extension":[{"url":"http://hl7.org/fhir/tools/StructureDefinition/ig-page-name","valueUrl":"StructureDefinition-patient-pharmacy-subindicator.html"}],"nameUrl":"StructureDefinition-patient-pharmacy-subindicator.html","title":"SubIndicador Farmacia paciente","generation":"generated"},{"extension":[{"url":"http://hl7.org/fhir/tools/StructureDefinition/ig-page-name","valueUrl":"StructureDefinition-iso21090-ADXP-streetNameType.html"}],"nameUrl":"StructureDefinition-iso21090-ADXP-streetNameType.html","title":"Tipo Via","generation":"generated"},{"extension":[{"url":"http://hl7.org/fhir/tools/StructureDefinition/ig-page-name","valueUrl":"StructureDefinition-patient-coverage-title.html"}],"nameUrl":"StructureDefinition-patient-coverage-title.html","title":"Titulo coberturas paciente","generation":"generated"},{"extension":[{"url":"http://hl7.org/fhir/tools/StructureDefinition/ig-page-name","valueUrl":"ValueSet-indicadorFarmaciaVS.html"}],"nameUrl":"ValueSet-indicadorFarmaciaVS.html","title":"Indicador Farmacia ValueSet","generation":"generated"},{"extension":[{"url":"http://hl7.org/fhir/tools/StructureDefinition/ig-page-name","valueUrl":"ValueSet-aseguradorasVS.html"}],"nameUrl":"ValueSet-aseguradorasVS.html","title":"ValueSet Aseguradoras","generation":"generated"},{"extension":[{"url":"http://hl7.org/fhir/tools/StructureDefinition/ig-page-name","valueUrl":"ValueSet-colaboradorasVS.html"}],"nameUrl":"ValueSet-colaboradorasVS.html","title":"ValueSet Colaboradoras","generation":"generated"},{"extension":[{"url":"http://hl7.org/fhir/tools/StructureDefinition/ig-page-name","valueUrl":"ValueSet-estadoIndefVS.html"}],"nameUrl":"ValueSet-estadoIndefVS.html","title":"ValueSet comprobación Fecha Defunción","generation":"generated"},{"extension":[{"url":"http://hl7.org/fhir/tools/StructureDefinition/ig-page-name","valueUrl":"ValueSet-comunidadesAutonomasVS.html"}],"nameUrl":"ValueSet-comunidadesAutonomasVS.html","title":"ValueSet Comunidades Autónomas","generation":"generated"},{"extension":[{"url":"http://hl7.org/fhir/tools/StructureDefinition/ig-page-name","valueUrl":"ValueSet-estadosVS.html"}],"nameUrl":"ValueSet-estadosVS.html","title":"ValueSet Estado Paciente","generation":"generated"},{"extension":[{"url":"http://hl7.org/fhir/tools/StructureDefinition/ig-page-name","valueUrl":"ValueSet-gestorasVS.html"}],"nameUrl":"ValueSet-gestorasVS.html","title":"ValueSet Gestoras","generation":"generated"},{"extension":[{"url":"http://hl7.org/fhir/tools/StructureDefinition/ig-page-name","valueUrl":"ValueSet-municipiosVS.html"}],"nameUrl":"ValueSet-municipiosVS.html","title":"ValueSet Municipios","generation":"generated"},{"extension":[{"url":"http://hl7.org/fhir/tools/StructureDefinition/ig-page-name","valueUrl":"ValueSet-nacionalidadesVS.html"}],"nameUrl":"ValueSet-nacionalidadesVS.html","title":"ValueSet Nacionalidades","generation":"generated"},{"extension":[{"url":"http://hl7.org/fhir/tools/StructureDefinition/ig-page-name","valueUrl":"ValueSet-paisesVS.html"}],"nameUrl":"ValueSet-paisesVS.html","title":"ValueSet Paises","generation":"generated"},{"extension":[{"url":"http://hl7.org/fhir/tools/StructureDefinition/ig-page-name","valueUrl":"ValueSet-proveedoresVS.html"}],"nameUrl":"ValueSet-proveedoresVS.html","title":"ValueSet Proveedores","generation":"generated"},{"extension":[{"url":"http://hl7.org/fhir/tools/StructureDefinition/ig-page-name","valueUrl":"ValueSet-provinciasVS.html"}],"nameUrl":"ValueSet-provinciasVS.html","title":"ValueSet Provincias","generation":"generated"},{"extension":[{"url":"http://hl7.org/fhir/tools/StructureDefinition/ig-page-name","valueUrl":"ValueSet-situacionesVS.html"}],"nameUrl":"ValueSet-situacionesVS.html","title":"ValueSet Situaciones","generation":"generated"},{"extension":[{"url":"http://hl7.org/fhir/tools/StructureDefinition/ig-page-name","valueUrl":"ValueSet-subIndicadorFarmaciaVS.html"}],"nameUrl":"ValueSet-subIndicadorFarmaciaVS.html","title":"ValueSet Subindicador Farmacia","generation":"generated"},{"extension":[{"url":"http://hl7.org/fhir/tools/StructureDefinition/ig-page-name","valueUrl":"ValueSet-tipoViaVS.html"}],"nameUrl":"ValueSet-tipoViaVS.html","title":"ValueSet Tipo de Via","generation":"generated"},{"extension":[{"url":"http://hl7.org/fhir/tools/StructureDefinition/ig-page-name","valueUrl":"ValueSet-titulosVS.html"}],"nameUrl":"ValueSet-titulosVS.html","title":"ValueSet Titulos","generation":"generated"},{"extension":[{"url":"http://hl7.org/fhir/tools/StructureDefinition/ig-page-name","valueUrl":"CodeSystem-aseguradorasCS.html"}],"nameUrl":"CodeSystem-aseguradorasCS.html","title":"CodeSystem Aseguradoras","generation":"generated"},{"extension":[{"url":"http://hl7.org/fhir/tools/StructureDefinition/ig-page-name","valueUrl":"CodeSystem-colaboradorasCS.html"}],"nameUrl":"CodeSystem-colaboradorasCS.html","title":"CodeSystem Colaboradoras","generation":"generated"},{"extension":[{"url":"http://hl7.org/fhir/tools/StructureDefinition/ig-page-name","valueUrl":"CodeSystem-comunidadesAutonomasCS.html"}],"nameUrl":"CodeSystem-comunidadesAutonomasCS.html","title":"CodeSystem Comunidades Autónomas","generation":"generated"},{"extension":[{"url":"http://hl7.org/fhir/tools/StructureDefinition/ig-page-name","valueUrl":"CodeSystem-estadosCS.html"}],"nameUrl":"CodeSystem-estadosCS.html","title":"CodeSystem Estado Paciente","generation":"generated"},{"extension":[{"url":"http://hl7.org/fhir/tools/StructureDefinition/ig-page-name","valueUrl":"CodeSystem-gestorasCS.html"}],"nameUrl":"CodeSystem-gestorasCS.html","title":"CodeSystem Gestoras","generation":"generated"},{"extension":[{"url":"http://hl7.org/fhir/tools/StructureDefinition/ig-page-name","valueUrl":"CodeSystem-indicadorFarmaciaCS.html"}],"nameUrl":"CodeSystem-indicadorFarmaciaCS.html","title":"CodeSystem Indicador Farmacia","generation":"generated"},{"extension":[{"url":"http://hl7.org/fhir/tools/StructureDefinition/ig-page-name","valueUrl":"CodeSystem-municipiosCS.html"}],"nameUrl":"CodeSystem-municipiosCS.html","title":"CodeSystem Municipios","generation":"generated"},{"extension":[{"url":"http://hl7.org/fhir/tools/StructureDefinition/ig-page-name","valueUrl":"CodeSystem-nacionalidadesCS.html"}],"nameUrl":"CodeSystem-nacionalidadesCS.html","title":"CodeSystem Nacionalidades","generation":"generated"},{"extension":[{"url":"http://hl7.org/fhir/tools/StructureDefinition/ig-page-name","valueUrl":"CodeSystem-paisesCS.html"}],"nameUrl":"CodeSystem-paisesCS.html","title":"CodeSystem Paises","generation":"generated"},{"extension":[{"url":"http://hl7.org/fhir/tools/StructureDefinition/ig-page-name","valueUrl":"CodeSystem-proveedoresCS.html"}],"nameUrl":"CodeSystem-proveedoresCS.html","title":"CodeSystem Proveedores","generation":"generated"},{"extension":[{"url":"http://hl7.org/fhir/tools/StructureDefinition/ig-page-name","valueUrl":"CodeSystem-provinciasCS.html"}],"nameUrl":"CodeSystem-provinciasCS.html","title":"CodeSystem Provincias","generation":"generated"},{"extension":[{"url":"http://hl7.org/fhir/tools/StructureDefinition/ig-page-name","valueUrl":"CodeSystem-situacionesCS.html"}],"nameUrl":"CodeSystem-situacionesCS.html","title":"CodeSystem Situaciones","generation":"generated"},{"extension":[{"url":"http://hl7.org/fhir/tools/StructureDefinition/ig-page-name","valueUrl":"CodeSystem-subIndicadorFarmaciaCS.html"}],"nameUrl":"CodeSystem-subIndicadorFarmaciaCS.html","title":"CodeSystem Subindicador Farmacia","generation":"generated"},{"extension":[{"url":"http://hl7.org/fhir/tools/StructureDefinition/ig-page-name","valueUrl":"CodeSystem-tipoViaCS.html"}],"nameUrl":"CodeSystem-tipoViaCS.html","title":"CodeSystem Tipo de Via","generation":"generated"},{"extension":[{"url":"http://hl7.org/fhir/tools/StructureDefinition/ig-page-name","valueUrl":"CodeSystem-titulosCS.html"}],"nameUrl":"CodeSystem-titulosCS.html","title":"CodeSystem Titulos","generation":"generated"},{"extension":[{"url":"http://hl7.org/fhir/tools/StructureDefinition/ig-page-name","valueUrl":"CodeSystem-estadoIndefCS.html"}],"nameUrl":"CodeSystem-estadoIndefCS.html","title":"Estado comprobación Fecha Defunción","generation":"generated"},{"extension":[{"url":"http://hl7.org/fhir/tools/StructureDefinition/ig-page-name","valueUrl":"Patient-BBBBBBBBBB000432.html"}],"nameUrl":"Patient-BBBBBBBBBB000432.html","title":"BBBBBBBBBB000432","generation":"generated"},{"extension":[{"url":"http://hl7.org/fhir/tools/StructureDefinition/ig-page-name","valueUrl":"Patient-BBBBBBBBBB009934.html"}],"nameUrl":"Patient-BBBBBBBBBB009934.html","title":"Paciente Activo Europeo SNS","generation":"generated"},{"extension":[{"url":"http://hl7.org/fhir/tools/StructureDefinition/ig-page-name","valueUrl":"Patient-BBBBBBBBBB009933.html"}],"nameUrl":"Patient-BBBBBBBBBB009933.html","title":"Paciente Pasivo Otros Motivos SNS","generation":"generated"},{"extension":[{"url":"http://hl7.org/fhir/tools/StructureDefinition/ig-page-name","valueUrl":"Patient-BBBBBBBBBB009932.html"}],"nameUrl":"Patient-BBBBBBBBBB009932.html","title":"Paciente Pasivo por Defunción SNS","generation":"generated"}]}]},"parameter":[{"code":"path-resource","value":"input/capabilities"},{"code":"path-resource","value":"input/examples"},{"code":"path-resource","value":"input/extensions"},{"code":"path-resource","value":"input/models"},{"code":"path-resource","value":"input/operations"},{"code":"path-resource","value":"input/profiles"},{"code":"path-resource","value":"input/resources"},{"code":"path-resource","value":"input/vocabulary"},{"code":"path-resource","value":"input/maps"},{"code":"path-resource","value":"input/testing"},{"code":"path-resource","value":"input/history"},{"code":"path-resource","value":"fsh-generated/resources"},{"code":"path-pages","value":"template/config"},{"code":"path-pages","value":"input/images"},{"code":"path-tx-cache","value":"input-cache/txcache"}]}}