{"resourceType":"ValueSet","id":"aseguradorasVS","text":{"status":"generated","div":"<div xmlns=\"http://www.w3.org/1999/xhtml\"><p class=\"res-header-id\"><b>Generated Narrative: ValueSet aseguradorasVS</b></p><a name=\"aseguradorasVS\"> </a><a name=\"hcaseguradorasVS\"> </a><a name=\"aseguradorasVS-en-US\"> </a><ul><li>Include all codes defined in <a href=\"CodeSystem-aseguradorasCS.html\"><code>http://sns.gob.es/fhir/tsi/CodeSystem/aseguradorasCS</code></a></li></ul></div>"},"url":"http://sns.gob.es/fhir/tsi/ValueSet/aseguradorasVS","version":"1.0.0","name":"AseguradorasVS","title":"ValueSet Aseguradoras","status":"draft","date":"2025-02-19T12:43:17+01:00","publisher":"SNS","contact":[{"name":"SNS","telecom":[{"system":"url","value":"https://sns.gob.es"},{"system":"email","value":"my-group@example.com"}]}],"description":"ValueSet Aseguradoras","compose":{"include":[{"system":"http://sns.gob.es/fhir/tsi/CodeSystem/aseguradorasCS"}]}}