{"resourceType":"ValueSet","id":"nacionalidadesVS","text":{"status":"generated","div":"<div xmlns=\"http://www.w3.org/1999/xhtml\"><p class=\"res-header-id\"><b>Generated Narrative: ValueSet nacionalidadesVS</b></p><a name=\"nacionalidadesVS\"> </a><a name=\"hcnacionalidadesVS\"> </a><a name=\"nacionalidadesVS-en-US\"> </a><ul><li>Include all codes defined in <a href=\"CodeSystem-nacionalidadesCS.html\"><code>http://sns.gob.es/fhir/tsi/CodeSystem/nacionalidadesCS</code></a></li></ul></div>"},"url":"http://sns.gob.es/fhir/tsi/ValueSet/nacionalidadesVS","version":"1.0.0","name":"NacionalidadesVS","title":"ValueSet Nacionalidades","status":"draft","date":"2025-02-19T12:43:17+01:00","publisher":"SNS","contact":[{"name":"SNS","telecom":[{"system":"url","value":"https://sns.gob.es"},{"system":"email","value":"my-group@example.com"}]}],"description":"ValueSet Nacionalidades","compose":{"include":[{"system":"http://sns.gob.es/fhir/tsi/CodeSystem/nacionalidadesCS"}]}}