{"resourceType":"ValueSet","id":"comunidadesAutonomasVS","text":{"status":"generated","div":"<div xmlns=\"http://www.w3.org/1999/xhtml\"><p class=\"res-header-id\"><b>Generated Narrative: ValueSet comunidadesAutonomasVS</b></p><a name=\"comunidadesAutonomasVS\"> </a><a name=\"hccomunidadesAutonomasVS\"> </a><a name=\"comunidadesAutonomasVS-en-US\"> </a><ul><li>Include all codes defined in <a href=\"CodeSystem-comunidadesAutonomasCS.html\"><code>http://sns.gob.es/fhir/tsi/CodeSystem/comunidadesAutonomasCS</code></a></li></ul></div>"},"url":"http://sns.gob.es/fhir/tsi/ValueSet/comunidadesAutonomasVS","version":"1.0.0","name":"ComunidadesAutonomasVS","title":"ValueSet Comunidades Autónomas","status":"draft","date":"2025-02-19T12:43:17+01:00","publisher":"SNS","contact":[{"name":"SNS","telecom":[{"system":"url","value":"https://sns.gob.es"},{"system":"email","value":"my-group@example.com"}]}],"description":"ValueSet Comunidades Autónomas","compose":{"include":[{"system":"http://sns.gob.es/fhir/tsi/CodeSystem/comunidadesAutonomasCS"}]}}