{"resourceType":"ValueSet","id":"paisesVS","text":{"status":"generated","div":"<div xmlns=\"http://www.w3.org/1999/xhtml\"><p class=\"res-header-id\"><b>Generated Narrative: ValueSet paisesVS</b></p><a name=\"paisesVS\"> </a><a name=\"hcpaisesVS\"> </a><a name=\"paisesVS-en-US\"> </a><ul><li>Include all codes defined in <a href=\"CodeSystem-paisesCS.html\"><code>http://sns.gob.es/fhir/tsi/CodeSystem/paisesCS</code></a></li></ul></div>"},"url":"http://sns.gob.es/fhir/tsi/ValueSet/paisesVS","version":"1.0.0","name":"PaisesVS","title":"ValueSet Paises","status":"draft","date":"2025-02-19T12:43:17+01:00","publisher":"SNS","contact":[{"name":"SNS","telecom":[{"system":"url","value":"https://sns.gob.es"},{"system":"email","value":"my-group@example.com"}]}],"description":"ValueSet Paises","compose":{"include":[{"system":"http://sns.gob.es/fhir/tsi/CodeSystem/paisesCS"}]}}