{"resourceType":"ValueSet","id":"titulosVS","text":{"status":"generated","div":"<div xmlns=\"http://www.w3.org/1999/xhtml\"><p class=\"res-header-id\"><b>Generated Narrative: ValueSet titulosVS</b></p><a name=\"titulosVS\"> </a><a name=\"hctitulosVS\"> </a><a name=\"titulosVS-en-US\"> </a><ul><li>Include all codes defined in <a href=\"CodeSystem-titulosCS.html\"><code>http://sns.gob.es/fhir/tsi/CodeSystem/titulosCS</code></a></li></ul></div>"},"url":"http://sns.gob.es/fhir/tsi/ValueSet/titulosVS","version":"1.0.0","name":"TitulosVS","title":"ValueSet Titulos","status":"draft","date":"2025-02-19T12:43:17+01:00","publisher":"SNS","contact":[{"name":"SNS","telecom":[{"system":"url","value":"https://sns.gob.es"},{"system":"email","value":"my-group@example.com"}]}],"description":"ValueSet Titulos","compose":{"include":[{"system":"http://sns.gob.es/fhir/tsi/CodeSystem/titulosCS"}]}}