{"resourceType":"ValueSet","id":"gestorasVS","text":{"status":"generated","div":"<div xmlns=\"http://www.w3.org/1999/xhtml\"><p class=\"res-header-id\"><b>Generated Narrative: ValueSet gestorasVS</b></p><a name=\"gestorasVS\"> </a><a name=\"hcgestorasVS\"> </a><a name=\"gestorasVS-en-US\"> </a><ul><li>Include all codes defined in <a href=\"CodeSystem-gestorasCS.html\"><code>http://sns.gob.es/fhir/tsi/CodeSystem/gestorasCS</code></a></li></ul></div>"},"url":"http://sns.gob.es/fhir/tsi/ValueSet/gestorasVS","version":"1.0.0","name":"GestorasVS","title":"ValueSet Gestoras","status":"draft","date":"2025-02-19T12:43:17+01:00","publisher":"SNS","contact":[{"name":"SNS","telecom":[{"system":"url","value":"https://sns.gob.es"},{"system":"email","value":"my-group@example.com"}]}],"description":"ValueSet Gestoras","compose":{"include":[{"system":"http://sns.gob.es/fhir/tsi/CodeSystem/gestorasCS"}]}}