{"resourceType":"ValueSet","id":"proveedoresVS","text":{"status":"generated","div":"<div xmlns=\"http://www.w3.org/1999/xhtml\"><p class=\"res-header-id\"><b>Generated Narrative: ValueSet proveedoresVS</b></p><a name=\"proveedoresVS\"> </a><a name=\"hcproveedoresVS\"> </a><a name=\"proveedoresVS-en-US\"> </a><ul><li>Include all codes defined in <a href=\"CodeSystem-proveedoresCS.html\"><code>http://sns.gob.es/fhir/tsi/CodeSystem/proveedoresCS</code></a></li></ul></div>"},"url":"http://sns.gob.es/fhir/tsi/ValueSet/proveedoresVS","version":"1.0.0","name":"ProveedoresVS","title":"ValueSet Proveedores","status":"draft","date":"2025-02-19T12:43:17+01:00","publisher":"SNS","contact":[{"name":"SNS","telecom":[{"system":"url","value":"https://sns.gob.es"},{"system":"email","value":"my-group@example.com"}]}],"description":"ValueSet Proveedores","compose":{"include":[{"system":"http://sns.gob.es/fhir/tsi/CodeSystem/proveedoresCS"}]}}