{"resourceType":"ValueSet","id":"provinciasVS","text":{"status":"generated","div":"<div xmlns=\"http://www.w3.org/1999/xhtml\"><p class=\"res-header-id\"><b>Generated Narrative: ValueSet provinciasVS</b></p><a name=\"provinciasVS\"> </a><a name=\"hcprovinciasVS\"> </a><a name=\"provinciasVS-en-US\"> </a><ul><li>Include all codes defined in <a href=\"CodeSystem-provinciasCS.html\"><code>http://sns.gob.es/fhir/tsi/CodeSystem/provinciasCS</code></a></li></ul></div>"},"url":"http://sns.gob.es/fhir/tsi/ValueSet/provinciasVS","version":"1.0.0","name":"ProvinciasVS","title":"ValueSet Provincias","status":"draft","date":"2025-02-19T12:43:17+01:00","publisher":"SNS","contact":[{"name":"SNS","telecom":[{"system":"url","value":"https://sns.gob.es"},{"system":"email","value":"my-group@example.com"}]}],"description":"ValueSet Provincias","compose":{"include":[{"system":"http://sns.gob.es/fhir/tsi/CodeSystem/provinciasCS"}]}}