{"resourceType":"ValueSet","id":"subIndicadorFarmaciaVS","text":{"status":"generated","div":"<div xmlns=\"http://www.w3.org/1999/xhtml\"><p class=\"res-header-id\"><b>Generated Narrative: ValueSet subIndicadorFarmaciaVS</b></p><a name=\"subIndicadorFarmaciaVS\"> </a><a name=\"hcsubIndicadorFarmaciaVS\"> </a><a name=\"subIndicadorFarmaciaVS-en-US\"> </a><ul><li>Include all codes defined in <a href=\"CodeSystem-subIndicadorFarmaciaCS.html\"><code>http://sns.gob.es/fhir/tsi/CodeSystem/subIndicadorFarmaciaCS</code></a></li></ul></div>"},"url":"http://sns.gob.es/fhir/tsi/ValueSet/subIndicadorFarmaciaVS","version":"1.0.0","name":"SubIndicadorFarmaciaVS","title":"ValueSet Subindicador Farmacia","status":"draft","date":"2025-02-19T12:43:17+01:00","publisher":"SNS","contact":[{"name":"SNS","telecom":[{"system":"url","value":"https://sns.gob.es"},{"system":"email","value":"my-group@example.com"}]}],"description":"ValueSet Subindicador Farmacia","compose":{"include":[{"system":"http://sns.gob.es/fhir/tsi/CodeSystem/subIndicadorFarmaciaCS"}]}}