{"resourceType":"ValueSet","id":"municipiosVS","text":{"status":"generated","div":"<div xmlns=\"http://www.w3.org/1999/xhtml\"><p class=\"res-header-id\"><b>Generated Narrative: ValueSet municipiosVS</b></p><a name=\"municipiosVS\"> </a><a name=\"hcmunicipiosVS\"> </a><a name=\"municipiosVS-en-US\"> </a><ul><li>Include all codes defined in <a href=\"CodeSystem-municipiosCS.html\"><code>http://sns.gob.es/fhir/tsi/CodeSystem/municipiosCS</code></a></li></ul></div>"},"url":"http://sns.gob.es/fhir/tsi/ValueSet/municipiosVS","version":"1.0.0","name":"MunicipiosVS","title":"ValueSet Municipios","status":"draft","date":"2025-02-19T12:43:17+01:00","publisher":"SNS","contact":[{"name":"SNS","telecom":[{"system":"url","value":"https://sns.gob.es"},{"system":"email","value":"my-group@example.com"}]}],"description":"ValueSet Municipios","compose":{"include":[{"system":"http://sns.gob.es/fhir/tsi/CodeSystem/municipiosCS"}]}}