{"resourceType":"ValueSet","id":"colaboradorasVS","text":{"status":"generated","div":"<div xmlns=\"http://www.w3.org/1999/xhtml\"><p class=\"res-header-id\"><b>Generated Narrative: ValueSet colaboradorasVS</b></p><a name=\"colaboradorasVS\"> </a><a name=\"hccolaboradorasVS\"> </a><a name=\"colaboradorasVS-en-US\"> </a><ul><li>Include all codes defined in <a href=\"CodeSystem-colaboradorasCS.html\"><code>http://sns.gob.es/fhir/tsi/CodeSystem/colaboradorasCS</code></a></li></ul></div>"},"url":"http://sns.gob.es/fhir/tsi/ValueSet/colaboradorasVS","version":"1.0.0","name":"ColaboradorasVS","title":"ValueSet Colaboradoras","status":"draft","date":"2025-02-19T12:43:17+01:00","publisher":"SNS","contact":[{"name":"SNS","telecom":[{"system":"url","value":"https://sns.gob.es"},{"system":"email","value":"my-group@example.com"}]}],"description":"ValueSet Colaboradoras","compose":{"include":[{"system":"http://sns.gob.es/fhir/tsi/CodeSystem/colaboradorasCS"}]}}