{"resourceType":"ValueSet","id":"estadosVS","text":{"status":"generated","div":"<div xmlns=\"http://www.w3.org/1999/xhtml\"><p class=\"res-header-id\"><b>Generated Narrative: ValueSet estadosVS</b></p><a name=\"estadosVS\"> </a><a name=\"hcestadosVS\"> </a><a name=\"estadosVS-en-US\"> </a><ul><li>Include all codes defined in <a href=\"CodeSystem-estadosCS.html\"><code>http://sns.gob.es/fhir/tsi/CodeSystem/estadosCS</code></a></li></ul></div>"},"url":"http://sns.gob.es/fhir/tsi/ValueSet/estadosVS","version":"1.0.0","name":"EstadosVS","title":"ValueSet Estado Paciente","status":"draft","date":"2025-02-19T12:43:17+01:00","publisher":"SNS","contact":[{"name":"SNS","telecom":[{"system":"url","value":"https://sns.gob.es"},{"system":"email","value":"my-group@example.com"}]}],"description":"ValueSet Estado Paciente","compose":{"include":[{"system":"http://sns.gob.es/fhir/tsi/CodeSystem/estadosCS"}]}}