{"resourceType":"ValueSet","id":"situacionesVS","text":{"status":"generated","div":"<div xmlns=\"http://www.w3.org/1999/xhtml\"><p class=\"res-header-id\"><b>Generated Narrative: ValueSet situacionesVS</b></p><a name=\"situacionesVS\"> </a><a name=\"hcsituacionesVS\"> </a><a name=\"situacionesVS-en-US\"> </a><ul><li>Include all codes defined in <a href=\"CodeSystem-situacionesCS.html\"><code>http://sns.gob.es/fhir/tsi/CodeSystem/situacionesCS</code></a></li></ul></div>"},"url":"http://sns.gob.es/fhir/tsi/ValueSet/situacionesVS","version":"1.0.0","name":"SituacionesVS","title":"ValueSet Situaciones","status":"draft","date":"2025-02-19T12:43:17+01:00","publisher":"SNS","contact":[{"name":"SNS","telecom":[{"system":"url","value":"https://sns.gob.es"},{"system":"email","value":"my-group@example.com"}]}],"description":"ValueSet Situaciones","compose":{"include":[{"system":"http://sns.gob.es/fhir/tsi/CodeSystem/situacionesCS"}]}}