{"resourceType":"ValueSet","id":"tipoViaVS","text":{"status":"generated","div":"<div xmlns=\"http://www.w3.org/1999/xhtml\"><p class=\"res-header-id\"><b>Generated Narrative: ValueSet tipoViaVS</b></p><a name=\"tipoViaVS\"> </a><a name=\"hctipoViaVS\"> </a><a name=\"tipoViaVS-en-US\"> </a><ul><li>Include all codes defined in <a href=\"CodeSystem-tipoViaCS.html\"><code>http://sns.gob.es/fhir/tsi/CodeSystem/tipoViaCS</code></a></li></ul></div>"},"url":"http://sns.gob.es/fhir/tsi/ValueSet/tipoViaVS","version":"1.0.0","name":"TipoViaVS","title":"ValueSet Tipo de Via","status":"draft","date":"2025-02-19T12:43:17+01:00","publisher":"SNS","contact":[{"name":"SNS","telecom":[{"system":"url","value":"https://sns.gob.es"},{"system":"email","value":"my-group@example.com"}]}],"description":"ValueSet Tipo de Via","compose":{"include":[{"system":"http://sns.gob.es/fhir/tsi/CodeSystem/tipoViaCS"}]}}