<?xml version="1.0" encoding="UTF-8"?>

<CodeSystem xmlns="http://hl7.org/fhir">
  <id value="subIndicadorFarmaciaCS"/>
  <text>
    <status value="generated"/><div xmlns="http://www.w3.org/1999/xhtml"><p class="res-header-id"><b>Generated Narrative: CodeSystem subIndicadorFarmaciaCS</b></p><a name="subIndicadorFarmaciaCS"> </a><a name="hcsubIndicadorFarmaciaCS"> </a><a name="subIndicadorFarmaciaCS-en-US"> </a><p>This  code system <code>http://sns.gob.es/fhir/tsi/CodeSystem/subIndicadorFarmaciaCS</code> defines the following code:</p><table class="codes"><tr><td style="white-space:nowrap"><b>Code</b></td><td><b>Display</b></td></tr><tr><td style="white-space:nowrap">01<a name="subIndicadorFarmaciaCS-01"> </a></td><td>Límite de aportación mensual de 8€</td></tr></table></div>
  </text>
  <url value="http://sns.gob.es/fhir/tsi/CodeSystem/subIndicadorFarmaciaCS"/>
  <version value="1.0.0"/>
  <name value="SubIndicadorFarmaciaCS"/>
  <title value="CodeSystem Subindicador Farmacia"/>
  <status value="draft"/>
  <date value="2025-02-19T12:43:17+01:00"/>
  <publisher value="SNS"/>
  <contact>
    <name value="SNS"/>
    <telecom>
      <system value="url"/>
      <value value="https://sns.gob.es"/>
    </telecom>
    <telecom>
      <system value="email"/>
      <value value="my-group@example.com"/>
    </telecom>
  </contact>
  <description value="CodeSystem SubIndicador Farmacia"/>
  <content value="complete"/>
  <count value="1"/>
  <concept>
    <code value="01"/>
    <display value="Límite de aportación mensual de 8€"/>
  </concept>
</CodeSystem>