<?xml version="1.0" encoding="UTF-8"?>

<CodeSystem xmlns="http://hl7.org/fhir">
  <id value="estadosCS"/>
  <text>
    <status value="generated"/><div xmlns="http://www.w3.org/1999/xhtml"><p class="res-header-id"><b>Generated Narrative: CodeSystem estadosCS</b></p><a name="estadosCS"> </a><a name="hcestadosCS"> </a><a name="estadosCS-en-US"> </a><p>This  code system <code>http://sns.gob.es/fhir/tsi/CodeSystem/estadosCS</code> defines the following codes:</p><table class="codes"><tr><td style="white-space:nowrap"><b>Code</b></td><td><b>Display</b></td></tr><tr><td style="white-space:nowrap">1<a name="estadosCS-1"> </a></td><td>BAJA EN SERVICIO DE SALUD</td></tr><tr><td style="white-space:nowrap">2<a name="estadosCS-2"> </a></td><td>BAJA POR DEFUNCION</td></tr></table></div>
  </text>
  <url value="http://sns.gob.es/fhir/tsi/CodeSystem/estadosCS"/>
  <version value="1.0.0"/>
  <name value="EstadosCS"/>
  <title value="CodeSystem Estado Paciente"/>
  <status value="draft"/>
  <date value="2025-02-19T12:43:17+01:00"/>
  <publisher value="SNS"/>
  <contact>
    <name value="SNS"/>
    <telecom>
      <system value="url"/>
      <value value="https://sns.gob.es"/>
    </telecom>
    <telecom>
      <system value="email"/>
      <value value="my-group@example.com"/>
    </telecom>
  </contact>
  <description value="CodeSystem Estado Paciente"/>
  <content value="complete"/>
  <count value="2"/>
  <concept>
    <code value="1"/>
    <display value="BAJA EN SERVICIO DE SALUD"/>
  </concept>
  <concept>
    <code value="2"/>
    <display value="BAJA POR DEFUNCION"/>
  </concept>
</CodeSystem>