<?xml version="1.0" encoding="UTF-8"?>

<Patient xmlns="http://hl7.org/fhir">
  <id value="BBBBBBBBBB009934"/>
  <meta>
    <profile value="http://sns.gob.es/fhir/tsi/StructureDefinition/PatientSNS"/>
  </meta>
  <text>
    <status value="generated"/><div xmlns="http://www.w3.org/1999/xhtml"><p class="res-header-id"><b>Generated Narrative: Patient BBBBBBBBBB009934</b></p><a name="BBBBBBBBBB009934"> </a><a name="hcBBBBBBBBBB009934"> </a><a name="BBBBBBBBBB009934-en-US"> </a><p style="border: 1px #661aff solid; background-color: #e6e6ff; padding: 10px;">Paciente Primero Segundo  Male, DoB: 2001-05-17 ( CIP SNS: BBBBBBBBBB009931 (use: official, ))</p><hr/><table class="grid"><tr><td style="background-color: #f3f5da" title="Record is active">Active:</td><td colspan="3">true</td></tr></table></div>
  </text>
  <identifier>
    <use value="official"/>
    <type>
      <coding>
        <system value="http://sns.gob.es/fhir/TSI/ValueSet/tipoDocumentoVS"/>
        <code value="CIP-SNS"/>
        <display value="CIP SNS"/>
      </coding>
    </type>
    <system value="2.16.724.4.40"/>
    <value value="BBBBBBBBBB009931"/>
  </identifier>
  <active value="true"/>
  <name>
    <family value="Primero Segundo"/>
    <given value="Paciente"/>
  </name>
  <gender value="male"/>
  <birthDate value="2001-05-17"/>
</Patient>