<?xml version="1.0" encoding="UTF-8"?>

<Patient xmlns="http://hl7.org/fhir">
  <id value="BBBBBBBBBB009932"/>
  <meta>
    <lastUpdated value="2002-06-28T00:00:00Z"/>
    <profile value="http://sns.gob.es/fhir/tsi/StructureDefinition/PatientSNS"/>
  </meta>
  <text>
    <status value="generated"/><div xmlns="http://www.w3.org/1999/xhtml"><p class="res-header-id"><b>Generated Narrative: Patient BBBBBBBBBB009932</b></p><a name="BBBBBBBBBB009932"> </a><a name="hcBBBBBBBBBB009932"> </a><a name="BBBBBBBBBB009932-en-US"> </a><div style="display: inline-block; background-color: #d9e0e7; padding: 6px; margin: 4px; border: 1px solid #8da1b4; border-radius: 5px; line-height: 60%"><p style="margin-bottom: 0px">Last updated: 2002-06-28 00:00:00+0000</p><p style="margin-bottom: 0px">Profile: <a href="StructureDefinition-PatientSNS.html">Paciente</a></p></div><p style="border: 1px #661aff solid; background-color: #e6e6ff; padding: 10px;">Paciente Primero Segundo  Male, DoB: 2001-05-17 ( CIP: ?ngen-9? (use: official, ))</p><hr/><table class="grid"><tr><td style="background-color: #f3f5da" title="Record is active">Active:</td><td>false</td><td style="background-color: #f3f5da" title="Known status of Patient">Deceased:</td><td colspan="3">2020-10-04</td></tr><tr><td style="background-color: #f3f5da" title="Other Ids (see the one above)">Other Ids:</td><td colspan="3"><ul><li>DNI/NIE/76200749R (use: official, )</li><li>CIP SNS/BBBBBBBBBB009932 (use: official, )</li></ul></td></tr><tr><td style="background-color: #f3f5da" title="Ways to contact the Patient">Contact Detail</td><td colspan="3">PLAZA MAYOR 20 13370 CIUDAD REAL CASTILLA LA MANCHA 13370 ESPAÑA </td></tr><tr><td style="background-color: #f3f5da" title="The nationality of the patient."><a href="http://hl7.org/fhir/extensions/5.2.0/StructureDefinition-patient-nationality.html">Patient Nationality</a></td><td colspan="3">nacionalidadesCS 724: ESPAÑOLA</td></tr><tr><td style="background-color: #f3f5da" title="A Sex Parameter for Clinical Use is a parameter that provides guidance on how a recipient should apply settings or reference ranges that are derived from observable information such as an organ inventory, recent hormone lab tests, genetic testing, menstrual status, obstetric history, etc..  This property is intended for use in clinical decision making, and indicates that treatment or diagnostic tests should consider best practices associated with the relevant reference population.  When exchanging these concepts, refer to the guidance in the [Gender Harmony Implementation Guide](http://hl7.org/xprod/ig/uv/gender-harmony/)."><a href="http://hl7.org/fhir/extensions/5.2.0/StructureDefinition-patient-sexParameterForClinicalUse.html">Patient Sex Parameter For Clinical Use</a></td><td colspan="3">sexoCS 1: VARON</td></tr></table></div>
  </text>
  <extension url="http://sns.gob.es/fhir/TSI/StructureDefinition/patient-pharmacy-indicator">
    <valueCoding>
      <system value="http://sns.gob.es/fhir/TSI/CodeSystem/indicadorFarmaciaCS"/>
      <code value="TSI_001"/>
      <display value="Exentos de aportación"/>
    </valueCoding>
  </extension>
  <extension url="http://sns.gob.es/fhir/TSI/StructureDefinition/patient-pharmacy-subindicator">
    <valueCoding>
      <system value="http://sns.gob.es/fhir/TSI/CodeSystem/subIndicadorFarmaciaCS"/>
      <code value="01"/>
      <display value="Límite de aportación mensual de 8€"/>
    </valueCoding>
  </extension>
  <extension url="http://hl7.org/fhir/StructureDefinition/patient-sexParameterForClinicalUse">
    <valueCoding>
      <system value="http://sns.gob.es/fhir/TSI/CodeSystem/sexoCS"/>
      <code value="1"/>
      <display value="VARON"/>
    </valueCoding>
  </extension>
  <extension url="http://sns.gob.es/fhir/TSI/StructureDefinition/patient-adscription-community">
    <valueCoding>
      <system value="http://sns.gob.es/fhir/TSI/CodeSystem/comunidadesCS"/>
      <code value="8"/>
      <display value="CASTILLA LA MANCHA"/>
    </valueCoding>
  </extension>
  <extension url="http://sns.gob.es/fhir/TSI/StructureDefinition/patient-birth-community">
    <valueCoding>
      <system value="http://sns.gob.es/fhir/TSI/CodeSystem/comunidadesCS"/>
      <code value="8"/>
      <display value="CASTILLA LA MANCHA"/>
    </valueCoding>
  </extension>
  <extension url="http://sns.gob.es/fhir/TSI/StructureDefinition/patient-birth-country">
    <valueCoding>
      <system value="http://sns.gob.es/fhir/TSI/CodeSystem/paisesCS"/>
      <code value="724"/>
      <display value="ESPAÑA"/>
    </valueCoding>
  </extension>
  <extension url="http://hl7.org/fhir/StructureDefinition/patient-nationality">
    <valueCoding>
      <system value="http://sns.gob.es/fhir/TSI/CodeSystem/nacionalidadesCS"/>
      <code value="724"/>
      <display value="ESPAÑOLA"/>
    </valueCoding>
  </extension>
  <extension url="http://sns.gob.es/fhir/TSI/StructureDefinition/patient-inscription-community">
    <valueCoding>
      <system value="http://sns.gob.es/fhir/TSI/CodeSystem/comunidadesCS"/>
      <code value="8"/>
      <display value="CASTILLA LA MANCHA"/>
    </valueCoding>
  </extension>
  <extension url="http://sns.gob.es/fhir/TSI/StructureDefinition/patient-coverage-insurance">
    <valueCoding>
      <system value="http://sns.gob.es/fhir/TSI/CodeSystem/aseguradorasCS"/>
      <code value="3"/>
      <display value="MUFACE"/>
    </valueCoding>
  </extension>
  <extension url="http://sns.gob.es/fhir/TSI/StructureDefinition/patient-coverage-mgt">
    <valueCoding>
      <system value="http://sns.gob.es/fhir/TSI/CodeSystem/gestorasCS"/>
      <code value="9"/>
      <display value="MUFACE"/>
    </valueCoding>
  </extension>
  <extension url="http://sns.gob.es/fhir/TSI/StructureDefinition/patient-coverage-entities">
    <valueCoding>
      <system value="http://sns.gob.es/fhir/TSI/CodeSystem/colaboradorasCS"/>
      <code value="478"/>
      <display value="COMUNIDAD DE MADRID"/>
    </valueCoding>
  </extension>
  <extension url="http://sns.gob.es/fhir/TSI/StructureDefinition/patient-coverage-providers">
    <valueCoding>
      <system value="http://sns.gob.es/fhir/TSI/CodeSystem/proveedoresCS"/>
      <code value="20"/>
      <display value="DKV SEGUROS"/>
    </valueCoding>
  </extension>
  <extension url="http://sns.gob.es/fhir/TSI/StructureDefinition/patient-coverage-title">
    <valueCoding>
      <system value="http://sns.gob.es/fhir/TSI/CodeSystem/titulosCS"/>
      <code value="97"/>
      <display value="MUFACE opción privada"/>
    </valueCoding>
  </extension>
  <extension url="http://sns.gob.es/fhir/TSI/StructureDefinition/patient-coverage-situation">
    <valueCoding>
      <system value="http://sns.gob.es/fhir/TSI/CodeSystem/situacionesCS"/>
      <code value="1"/>
      <display value="ACTIVO"/>
    </valueCoding>
  </extension>
  <extension url="http://sns.gob.es/fhir/TSI/StructureDefinition/patient-passive-cause">
    <valueCoding>
      <system value="http://sns.gob.es/fhir/TSI/CodeSystem/estadosCS"/>
      <code value="2"/>
      <display value="BAJA POR DEFUNCION"/>
    </valueCoding>
  </extension>
  <extension url="http://sns.gob.es/fhir/TSI/StructureDefinition/estado-comprobacion-indef">
    <valueCoding>
      <system value="http://sns.gob.es/fhir/TSI/CodeSystem/estadoIndefCS"/>
      <code value="3"/>
      <display value="Validado automático"/>
    </valueCoding>
  </extension>
  <extension url="http://sns.gob.es/fhir/TSI/StructureDefinition/patient-creation-date">
    <valueDate value="2022-08-01"/>
  </extension>
  <extension url="http://sns.gob.es/fhir/TSI/StructureDefinition/patient-foreigner">
    <valueString value="0"/>
  </extension>
  <identifier>
    <use value="official"/>
    <type>
      <coding>
        <system value="http://sns.gob.es/fhir/TSI/ValueSet/tipoDocumentoVS"/>
        <code value="NNESP"/>
        <display value="DNI/NIE"/>
      </coding>
    </type>
    <system value="1.3.6.1.4.1.19126.3"/>
    <value value="76200749R"/>
  </identifier>
  <identifier>
    <use value="official"/>
    <type>
      <coding>
        <system value="http://sns.gob.es/fhir/TSI/ValueSet/tipoDocumentoVS"/>
        <code value="CIP-SNS"/>
        <display value="CIP SNS"/>
      </coding>
    </type>
    <system value="2.16.724.4.40"/>
    <value value="BBBBBBBBBB009932"/>
  </identifier>
  <identifier>
    <use value="official"/>
    <type>
      <coding>
        <system value="http://sns.gob.es/fhir/TSI/ValueSet/tipoDocumentoVS"/>
        <code value="CIP"/>
        <display value="CIP"/>
      </coding>
    </type>
    <system value="2.16.724.4.41"/>
    <assigner>
      <identifier>
        <system value="2.16.724.4.42"/>
        <value value="80724000130"/>
      </identifier>
    </assigner>
  </identifier>
  <active value="false"/>
  <name>
    <family value="Primero Segundo">
      <extension url="http://sns.gob.es/fhir/TSI/StructureDefinition/fathersFamily">
        <valueString value="Primero"/>
      </extension>
      <extension url="http://sns.gob.es/fhir/TSI/StructureDefinition/mothersFamily">
        <valueString value="Segundo"/>
      </extension>
    </family>
    <given value="Paciente"/>
  </name>
  <gender value="male"/>
  <birthDate value="2001-05-17"/>
  <deceasedDateTime value="2020-10-04"/>
  <address>
    <line value="PLAZA MAYOR 20 13370">
      <extension url="http://hl7.org/fhir/StructureDefinition/iso21090-ADXP-streetNameType">
        <valueCoding>
          <system value="http://sns.gob.es/fhir/TSI/CodeSystem/tipoViaCS"/>
          <code value="1"/>
          <display value="PLAZA"/>
        </valueCoding>
      </extension>
      <extension url="http://hl7.org/fhir/StructureDefinition/iso21090-ADXP-streetName">
        <valueString value="MAYOR"/>
      </extension>
      <extension url="http://hl7.org/fhir/StructureDefinition/iso21090-ADXP-houseNumber">
        <valueString value="20"/>
      </extension>
      <extension url="http://hl7.org/fhir/StructureDefinition/iso21090-ADXP-postBox">
        <valueString value="13370"/>
      </extension>
    </line>
    <city value="CIUDAD REAL"/>
    <district value="CIUDAD REAL"/>
    <state value="CASTILLA LA MANCHA"/>
    <postalCode value="13370"/>
    <country value="ESPAÑA">
      <extension url="http://hl7.org/fhir/StructureDefinition/iso21090-SC-coding">
        <valueCoding>
          <system value="http://terminology.ehdsi.eu/ValueSet/eHDSICountry"/>
          <code value="724"/>
          <display value="ESPAÑA"/>
        </valueCoding>
      </extension>
    </country>
  </address>
</Patient>