<?xml version="1.0" encoding="UTF-8"?><CodeSystem xmlns="http://hl7.org/fhir"><id value="titulosCS"/><text><status value="generated"/><div xmlns="http://www.w3.org/1999/xhtml"><p class="res-header-id"><b>Generated Narrative: CodeSystem titulosCS</b></p><a name="titulosCS"> </a><a name="hctitulosCS"> </a><a name="titulosCS-en-US"> </a><p>This  code system <code>http://sns.gob.es/fhir/tsi/CodeSystem/titulosCS</code> defines the following code:</p><table class="codes"><tr><td style="white-space:nowrap"><b>Code</b></td><td><b>Display</b></td></tr><tr><td style="white-space:nowrap">97<a name="titulosCS-97"> </a></td><td>MUFACE oción privada</td></tr></table></div></text><url value="http://sns.gob.es/fhir/tsi/CodeSystem/titulosCS"/><version value="1.0.0"/><name value="TitulosCS"/><title value="CodeSystem Titulos"/><status value="draft"/><date value="2025-02-19T12:43:17+01:00"/><publisher value="SNS"/><contact><name value="SNS"/><telecom><system value="url"/><value value="https://sns.gob.es"/></telecom><telecom><system value="email"/><value value="my-group@example.com"/></telecom></contact><description value="CodeSystem Titulos"/><content value="complete"/><count value="1"/><concept><code value="97"/><display value="MUFACE oción privada"/></concept></CodeSystem>