<?xml version="1.0" encoding="UTF-8"?><CodeSystem xmlns="http://hl7.org/fhir"><id value="colaboradorasCS"/><text><status value="generated"/><div xmlns="http://www.w3.org/1999/xhtml"><p class="res-header-id"><b>Generated Narrative: CodeSystem colaboradorasCS</b></p><a name="colaboradorasCS"> </a><a name="hccolaboradorasCS"> </a><a name="colaboradorasCS-en-US"> </a><p>This  code system <code>http://sns.gob.es/fhir/tsi/CodeSystem/colaboradorasCS</code> defines the following code:</p><table class="codes"><tr><td style="white-space:nowrap"><b>Code</b></td><td><b>Display</b></td></tr><tr><td style="white-space:nowrap">478<a name="colaboradorasCS-478"> </a></td><td>COMUNIDAD DE MADRID</td></tr></table></div></text><url value="http://sns.gob.es/fhir/tsi/CodeSystem/colaboradorasCS"/><version value="1.0.0"/><name value="ColaboradorasCS"/><title value="CodeSystem Colaboradoras"/><status value="draft"/><date value="2025-02-19T12:43:17+01:00"/><publisher value="SNS"/><contact><name value="SNS"/><telecom><system value="url"/><value value="https://sns.gob.es"/></telecom><telecom><system value="email"/><value value="my-group@example.com"/></telecom></contact><description value="CodeSystem Colaboradoras"/><content value="complete"/><count value="1"/><concept><code value="478"/><display value="COMUNIDAD DE MADRID"/></concept></CodeSystem>