<?xml version="1.0" encoding="UTF-8"?><CodeSystem xmlns="http://hl7.org/fhir"><id value="tipoViaCS"/><text><status value="generated"/><div xmlns="http://www.w3.org/1999/xhtml"><p class="res-header-id"><b>Generated Narrative: CodeSystem tipoViaCS</b></p><a name="tipoViaCS"> </a><a name="hctipoViaCS"> </a><a name="tipoViaCS-en-US"> </a><p>This  code system <code>http://sns.gob.es/fhir/tsi/CodeSystem/tipoViaCS</code> defines the following code:</p><table class="codes"><tr><td style="white-space:nowrap"><b>Code</b></td><td><b>Display</b></td></tr><tr><td style="white-space:nowrap">1<a name="tipoViaCS-1"> </a></td><td>PLAZA</td></tr></table></div></text><url value="http://sns.gob.es/fhir/tsi/CodeSystem/tipoViaCS"/><version value="1.0.0"/><name value="TipoViaCS"/><title value="CodeSystem Tipo de Via"/><status value="draft"/><date value="2025-02-19T12:43:17+01:00"/><publisher value="SNS"/><contact><name value="SNS"/><telecom><system value="url"/><value value="https://sns.gob.es"/></telecom><telecom><system value="email"/><value value="my-group@example.com"/></telecom></contact><description value="CodeSystem Tipo de Via"/><content value="complete"/><count value="1"/><concept><code value="1"/><display value="PLAZA"/></concept></CodeSystem>