<?xml version="1.0" encoding="UTF-8"?><CodeSystem xmlns="http://hl7.org/fhir"><id value="provinciasCS"/><text><status value="generated"/><div xmlns="http://www.w3.org/1999/xhtml"><p class="res-header-id"><b>Generated Narrative: CodeSystem provinciasCS</b></p><a name="provinciasCS"> </a><a name="hcprovinciasCS"> </a><a name="provinciasCS-en-US"> </a><p>This  code system <code>http://sns.gob.es/fhir/tsi/CodeSystem/provinciasCS</code> defines the following code:</p><table class="codes"><tr><td style="white-space:nowrap"><b>Code</b></td><td><b>Display</b></td></tr><tr><td style="white-space:nowrap">2<a name="provinciasCS-2"> </a></td><td>ALBACETE</td></tr></table></div></text><url value="http://sns.gob.es/fhir/tsi/CodeSystem/provinciasCS"/><version value="1.0.0"/><name value="ProvinciasCS"/><title value="CodeSystem Provincias"/><status value="draft"/><date value="2025-02-19T12:43:17+01:00"/><publisher value="SNS"/><contact><name value="SNS"/><telecom><system value="url"/><value value="https://sns.gob.es"/></telecom><telecom><system value="email"/><value value="my-group@example.com"/></telecom></contact><description value="CodeSystem Provincias"/><content value="complete"/><count value="1"/><concept><code value="2"/><display value="ALBACETE"/></concept></CodeSystem>