<?xml version="1.0" encoding="UTF-8"?><CodeSystem xmlns="http://hl7.org/fhir"><id value="aseguradorasCS"/><text><status value="generated"/><div xmlns="http://www.w3.org/1999/xhtml"><p class="res-header-id"><b>Generated Narrative: CodeSystem aseguradorasCS</b></p><a name="aseguradorasCS"> </a><a name="hcaseguradorasCS"> </a><a name="aseguradorasCS-en-US"> </a><p>This  code system <code>http://sns.gob.es/fhir/tsi/CodeSystem/aseguradorasCS</code> defines the following code:</p><table class="codes"><tr><td style="white-space:nowrap"><b>Code</b></td><td><b>Display</b></td></tr><tr><td style="white-space:nowrap">3<a name="aseguradorasCS-3"> </a></td><td>MUFACE</td></tr></table></div></text><url value="http://sns.gob.es/fhir/tsi/CodeSystem/aseguradorasCS"/><version value="1.0.0"/><name value="AseguradorasCS"/><title value="CodeSystem Aseguradoras"/><status value="draft"/><date value="2025-02-19T12:43:17+01:00"/><publisher value="SNS"/><contact><name value="SNS"/><telecom><system value="url"/><value value="https://sns.gob.es"/></telecom><telecom><system value="email"/><value value="my-group@example.com"/></telecom></contact><description value="CodeSystem Aseguradoras"/><content value="complete"/><count value="1"/><concept><code value="3"/><display value="MUFACE"/></concept></CodeSystem>