<?xml version="1.0" encoding="UTF-8"?><CodeSystem xmlns="http://hl7.org/fhir"><id value="situacionesCS"/><text><status value="generated"/><div xmlns="http://www.w3.org/1999/xhtml"><p class="res-header-id"><b>Generated Narrative: CodeSystem situacionesCS</b></p><a name="situacionesCS"> </a><a name="hcsituacionesCS"> </a><a name="situacionesCS-en-US"> </a><p>This  code system <code>http://sns.gob.es/fhir/tsi/CodeSystem/situacionesCS</code> defines the following code:</p><table class="codes"><tr><td style="white-space:nowrap"><b>Code</b></td><td><b>Display</b></td></tr><tr><td style="white-space:nowrap">1<a name="situacionesCS-1"> </a></td><td>ACTIVO</td></tr></table></div></text><url value="http://sns.gob.es/fhir/tsi/CodeSystem/situacionesCS"/><version value="1.0.0"/><name value="SituacionesCS"/><title value="CodeSystem Situaciones"/><status value="draft"/><date value="2025-02-19T12:43:17+01:00"/><publisher value="SNS"/><contact><name value="SNS"/><telecom><system value="url"/><value value="https://sns.gob.es"/></telecom><telecom><system value="email"/><value value="my-group@example.com"/></telecom></contact><description value="CodeSystem Situaciones"/><content value="complete"/><count value="1"/><concept><code value="1"/><display value="ACTIVO"/></concept></CodeSystem>