<?xml version="1.0" encoding="UTF-8"?><ImplementationGuide xmlns="http://hl7.org/fhir"><id value="tsi.sns.implementationGuide"/><text><status value="generated"/><div xmlns="http://www.w3.org/1999/xhtml"><p class="res-header-id"><b>Generated Narrative: ImplementationGuide tsi.sns.implementationGuide</b></p><a name="tsi.sns.implementationGuide"> </a><a name="hctsi.sns.implementationGuide"> </a><a name="tsi.sns.implementationGuide-en-US"> </a><h2>TarjetaSanitariaIndividualIG</h2><p>The official URL for this implementation guide is: </p><pre>http://example.com/fhir/example</pre><div><p>Guía de Implementación Tarjeta Sanitaria Individual (TSI)</p>
</div></div></text><url value="http://example.com/fhir/example"/><version value="1.0.0"/><name value="TarjetaSanitariaIndividualIG"/><title value="Guía de Implementación Tarjeta Sanitaria Individual (TSI)"/><status value="draft"/><date value="2025-01-01"/><publisher value="SNS"/><contact><name value="SNS"/><telecom><system value="url"/><value value="https://sns.gob.es"/></telecom><telecom><system value="email"/><value value="my-group@example.com"/></telecom></contact><description value="Guía de Implementación Tarjeta Sanitaria Individual (TSI)"/><packageId value="tsi.sns.implementationGuide"/><license value="CC0-1.0"/><fhirVersion value="4.0.1"/><dependsOn id="hl7tx"><extension url="http://hl7.org/fhir/tools/StructureDefinition/implementationguide-dependency-comment"><valueMarkdown value="Automatically added as a dependency - all IGs depend on HL7 Terminology"/></extension><uri value="http://terminology.hl7.org/ImplementationGuide/hl7.terminology"/><packageId value="hl7.terminology.r4"/><version value="6.2.0"/></dependsOn><dependsOn id="hl7ext"><extension url="http://hl7.org/fhir/tools/StructureDefinition/implementationguide-dependency-comment"><valueMarkdown value="Automatically added as a dependency - all IGs depend on the HL7 Extension Pack"/></extension><uri value="http://hl7.org/fhir/extensions/ImplementationGuide/hl7.fhir.uv.extensions"/><packageId value="hl7.fhir.uv.extensions.r4"/><version value="5.2.0"/></dependsOn><definition><extension url="http://hl7.org/fhir/tools/StructureDefinition/ig-parameter"><extension url="code"><valueString value="copyrightyear"/></extension><extension url="value"><valueString value="2024+"/></extension></extension><extension url="http://hl7.org/fhir/tools/StructureDefinition/ig-parameter"><extension url="code"><valueString value="releaselabel"/></extension><extension url="value"><valueString value="R4"/></extension></extension><extension url="http://hl7.org/fhir/tools/StructureDefinition/ig-parameter"><extension url="code"><valueString value="autoload-resources"/></extension><extension url="value"><valueString value="true"/></extension></extension><extension url="http://hl7.org/fhir/tools/StructureDefinition/ig-parameter"><extension url="code"><valueString value="path-liquid"/></extension><extension url="value"><valueString value="template/liquid"/></extension></extension><extension url="http://hl7.org/fhir/tools/StructureDefinition/ig-parameter"><extension url="code"><valueString value="path-liquid"/></extension><extension url="value"><valueString value="input/liquid"/></extension></extension><extension url="http://hl7.org/fhir/tools/StructureDefinition/ig-parameter"><extension url="code"><valueString value="path-qa"/></extension><extension url="value"><valueString value="temp/qa"/></extension></extension><extension url="http://hl7.org/fhir/tools/StructureDefinition/ig-parameter"><extension url="code"><valueString value="path-temp"/></extension><extension url="value"><valueString value="temp/pages"/></extension></extension><extension url="http://hl7.org/fhir/tools/StructureDefinition/ig-parameter"><extension url="code"><valueString value="path-output"/></extension><extension url="value"><valueString value="output"/></extension></extension><extension url="http://hl7.org/fhir/tools/StructureDefinition/ig-parameter"><extension url="code"><valueString value="path-suppressed-warnings"/></extension><extension url="value"><valueString value="input/ignoreWarnings.txt"/></extension></extension><extension url="http://hl7.org/fhir/tools/StructureDefinition/ig-parameter"><extension url="code"><valueString value="path-history"/></extension><extension url="value"><valueString value="history.html"/></extension></extension><extension url="http://hl7.org/fhir/tools/StructureDefinition/ig-parameter"><extension url="code"><valueString value="template-html"/></extension><extension url="value"><valueString value="template-page.html"/></extension></extension><extension url="http://hl7.org/fhir/tools/StructureDefinition/ig-parameter"><extension url="code"><valueString value="template-md"/></extension><extension url="value"><valueString value="template-page-md.html"/></extension></extension><extension url="http://hl7.org/fhir/tools/StructureDefinition/ig-parameter"><extension url="code"><valueString value="apply-contact"/></extension><extension url="value"><valueString value="true"/></extension></extension><extension url="http://hl7.org/fhir/tools/StructureDefinition/ig-parameter"><extension url="code"><valueString value="apply-context"/></extension><extension url="value"><valueString value="true"/></extension></extension><extension url="http://hl7.org/fhir/tools/StructureDefinition/ig-parameter"><extension url="code"><valueString value="apply-copyright"/></extension><extension url="value"><valueString value="true"/></extension></extension><extension url="http://hl7.org/fhir/tools/StructureDefinition/ig-parameter"><extension url="code"><valueString value="apply-jurisdiction"/></extension><extension url="value"><valueString value="true"/></extension></extension><extension url="http://hl7.org/fhir/tools/StructureDefinition/ig-parameter"><extension url="code"><valueString value="apply-license"/></extension><extension url="value"><valueString value="true"/></extension></extension><extension url="http://hl7.org/fhir/tools/StructureDefinition/ig-parameter"><extension url="code"><valueString value="apply-publisher"/></extension><extension url="value"><valueString value="true"/></extension></extension><extension url="http://hl7.org/fhir/tools/StructureDefinition/ig-parameter"><extension url="code"><valueString value="apply-version"/></extension><extension url="value"><valueString value="true"/></extension></extension><extension url="http://hl7.org/fhir/tools/StructureDefinition/ig-parameter"><extension url="code"><valueString value="apply-wg"/></extension><extension url="value"><valueString value="true"/></extension></extension><extension url="http://hl7.org/fhir/tools/StructureDefinition/ig-parameter"><extension url="code"><valueString value="active-tables"/></extension><extension url="value"><valueString value="true"/></extension></extension><extension url="http://hl7.org/fhir/tools/StructureDefinition/ig-parameter"><extension url="code"><valueString value="fmm-definition"/></extension><extension url="value"><valueString value="http://hl7.org/fhir/versions.html#maturity"/></extension></extension><extension url="http://hl7.org/fhir/tools/StructureDefinition/ig-parameter"><extension url="code"><valueString value="propagate-status"/></extension><extension url="value"><valueString value="true"/></extension></extension><extension url="http://hl7.org/fhir/tools/StructureDefinition/ig-parameter"><extension url="code"><valueString value="excludelogbinaryformat"/></extension><extension url="value"><valueString value="true"/></extension></extension><extension url="http://hl7.org/fhir/tools/StructureDefinition/ig-parameter"><extension url="code"><valueString value="tabbed-snapshots"/></extension><extension url="value"><valueString value="true"/></extension></extension><extension url="http://hl7.org/fhir/tools/StructureDefinition/ig-internal-dependency"><valueCode value="hl7.fhir.uv.tools.r4#0.3.0"/></extension><extension url="http://hl7.org/fhir/tools/StructureDefinition/ig-parameter"><extension url="code"><valueCode value="copyrightyear"/></extension><extension url="value"><valueString value="2024+"/></extension></extension><extension url="http://hl7.org/fhir/tools/StructureDefinition/ig-parameter"><extension url="code"><valueCode value="releaselabel"/></extension><extension url="value"><valueString value="R4"/></extension></extension><extension url="http://hl7.org/fhir/tools/StructureDefinition/ig-parameter"><extension url="code"><valueCode value="autoload-resources"/></extension><extension url="value"><valueString value="true"/></extension></extension><extension url="http://hl7.org/fhir/tools/StructureDefinition/ig-parameter"><extension url="code"><valueCode value="path-liquid"/></extension><extension url="value"><valueString value="template/liquid"/></extension></extension><extension url="http://hl7.org/fhir/tools/StructureDefinition/ig-parameter"><extension url="code"><valueCode value="path-liquid"/></extension><extension url="value"><valueString value="input/liquid"/></extension></extension><extension url="http://hl7.org/fhir/tools/StructureDefinition/ig-parameter"><extension url="code"><valueCode value="path-qa"/></extension><extension url="value"><valueString value="temp/qa"/></extension></extension><extension url="http://hl7.org/fhir/tools/StructureDefinition/ig-parameter"><extension url="code"><valueCode value="path-temp"/></extension><extension url="value"><valueString value="temp/pages"/></extension></extension><extension url="http://hl7.org/fhir/tools/StructureDefinition/ig-parameter"><extension url="code"><valueCode value="path-output"/></extension><extension url="value"><valueString value="output"/></extension></extension><extension url="http://hl7.org/fhir/tools/StructureDefinition/ig-parameter"><extension url="code"><valueCode value="path-suppressed-warnings"/></extension><extension url="value"><valueString value="input/ignoreWarnings.txt"/></extension></extension><extension url="http://hl7.org/fhir/tools/StructureDefinition/ig-parameter"><extension url="code"><valueCode value="path-history"/></extension><extension url="value"><valueString value="history.html"/></extension></extension><extension url="http://hl7.org/fhir/tools/StructureDefinition/ig-parameter"><extension url="code"><valueCode value="template-html"/></extension><extension url="value"><valueString value="template-page.html"/></extension></extension><extension url="http://hl7.org/fhir/tools/StructureDefinition/ig-parameter"><extension url="code"><valueCode value="template-md"/></extension><extension url="value"><valueString value="template-page-md.html"/></extension></extension><extension url="http://hl7.org/fhir/tools/StructureDefinition/ig-parameter"><extension url="code"><valueCode value="apply-contact"/></extension><extension url="value"><valueString value="true"/></extension></extension><extension url="http://hl7.org/fhir/tools/StructureDefinition/ig-parameter"><extension url="code"><valueCode value="apply-context"/></extension><extension url="value"><valueString value="true"/></extension></extension><extension url="http://hl7.org/fhir/tools/StructureDefinition/ig-parameter"><extension url="code"><valueCode value="apply-copyright"/></extension><extension url="value"><valueString value="true"/></extension></extension><extension url="http://hl7.org/fhir/tools/StructureDefinition/ig-parameter"><extension url="code"><valueCode value="apply-jurisdiction"/></extension><extension url="value"><valueString value="true"/></extension></extension><extension url="http://hl7.org/fhir/tools/StructureDefinition/ig-parameter"><extension url="code"><valueCode value="apply-license"/></extension><extension url="value"><valueString value="true"/></extension></extension><extension url="http://hl7.org/fhir/tools/StructureDefinition/ig-parameter"><extension url="code"><valueCode value="apply-publisher"/></extension><extension url="value"><valueString value="true"/></extension></extension><extension url="http://hl7.org/fhir/tools/StructureDefinition/ig-parameter"><extension url="code"><valueCode value="apply-version"/></extension><extension url="value"><valueString value="true"/></extension></extension><extension url="http://hl7.org/fhir/tools/StructureDefinition/ig-parameter"><extension url="code"><valueCode value="apply-wg"/></extension><extension url="value"><valueString value="true"/></extension></extension><extension url="http://hl7.org/fhir/tools/StructureDefinition/ig-parameter"><extension url="code"><valueCode value="active-tables"/></extension><extension url="value"><valueString value="true"/></extension></extension><extension url="http://hl7.org/fhir/tools/StructureDefinition/ig-parameter"><extension url="code"><valueCode value="fmm-definition"/></extension><extension url="value"><valueString value="http://hl7.org/fhir/versions.html#maturity"/></extension></extension><extension url="http://hl7.org/fhir/tools/StructureDefinition/ig-parameter"><extension url="code"><valueCode value="propagate-status"/></extension><extension url="value"><valueString value="true"/></extension></extension><extension url="http://hl7.org/fhir/tools/StructureDefinition/ig-parameter"><extension url="code"><valueCode value="excludelogbinaryformat"/></extension><extension url="value"><valueString value="true"/></extension></extension><extension url="http://hl7.org/fhir/tools/StructureDefinition/ig-parameter"><extension url="code"><valueCode value="tabbed-snapshots"/></extension><extension url="value"><valueString value="true"/></extension></extension><extension url="http://hl7.org/fhir/tools/StructureDefinition/ig-parameter"><extension url="code"><valueCode value="copyrightyear"/></extension><extension url="value"><valueString value="2024+"/></extension></extension><extension url="http://hl7.org/fhir/tools/StructureDefinition/ig-parameter"><extension url="code"><valueCode value="releaselabel"/></extension><extension url="value"><valueString value="R4"/></extension></extension><extension url="http://hl7.org/fhir/tools/StructureDefinition/ig-parameter"><extension url="code"><valueCode value="autoload-resources"/></extension><extension url="value"><valueString value="true"/></extension></extension><extension url="http://hl7.org/fhir/tools/StructureDefinition/ig-parameter"><extension url="code"><valueCode value="path-liquid"/></extension><extension url="value"><valueString value="template/liquid"/></extension></extension><extension url="http://hl7.org/fhir/tools/StructureDefinition/ig-parameter"><extension url="code"><valueCode value="path-liquid"/></extension><extension url="value"><valueString value="input/liquid"/></extension></extension><extension url="http://hl7.org/fhir/tools/StructureDefinition/ig-parameter"><extension url="code"><valueCode value="path-qa"/></extension><extension url="value"><valueString value="temp/qa"/></extension></extension><extension url="http://hl7.org/fhir/tools/StructureDefinition/ig-parameter"><extension url="code"><valueCode value="path-temp"/></extension><extension url="value"><valueString value="temp/pages"/></extension></extension><extension url="http://hl7.org/fhir/tools/StructureDefinition/ig-parameter"><extension url="code"><valueCode value="path-output"/></extension><extension url="value"><valueString value="output"/></extension></extension><extension url="http://hl7.org/fhir/tools/StructureDefinition/ig-parameter"><extension url="code"><valueCode value="path-suppressed-warnings"/></extension><extension url="value"><valueString value="input/ignoreWarnings.txt"/></extension></extension><extension url="http://hl7.org/fhir/tools/StructureDefinition/ig-parameter"><extension url="code"><valueCode value="path-history"/></extension><extension url="value"><valueString value="history.html"/></extension></extension><extension url="http://hl7.org/fhir/tools/StructureDefinition/ig-parameter"><extension url="code"><valueCode value="template-html"/></extension><extension url="value"><valueString value="template-page.html"/></extension></extension><extension url="http://hl7.org/fhir/tools/StructureDefinition/ig-parameter"><extension url="code"><valueCode value="template-md"/></extension><extension url="value"><valueString value="template-page-md.html"/></extension></extension><extension url="http://hl7.org/fhir/tools/StructureDefinition/ig-parameter"><extension url="code"><valueCode value="apply-contact"/></extension><extension url="value"><valueString value="true"/></extension></extension><extension url="http://hl7.org/fhir/tools/StructureDefinition/ig-parameter"><extension url="code"><valueCode value="apply-context"/></extension><extension url="value"><valueString value="true"/></extension></extension><extension url="http://hl7.org/fhir/tools/StructureDefinition/ig-parameter"><extension url="code"><valueCode value="apply-copyright"/></extension><extension url="value"><valueString value="true"/></extension></extension><extension url="http://hl7.org/fhir/tools/StructureDefinition/ig-parameter"><extension url="code"><valueCode value="apply-jurisdiction"/></extension><extension url="value"><valueString value="true"/></extension></extension><extension url="http://hl7.org/fhir/tools/StructureDefinition/ig-parameter"><extension url="code"><valueCode value="apply-license"/></extension><extension url="value"><valueString value="true"/></extension></extension><extension url="http://hl7.org/fhir/tools/StructureDefinition/ig-parameter"><extension url="code"><valueCode value="apply-publisher"/></extension><extension url="value"><valueString value="true"/></extension></extension><extension url="http://hl7.org/fhir/tools/StructureDefinition/ig-parameter"><extension url="code"><valueCode value="apply-version"/></extension><extension url="value"><valueString value="true"/></extension></extension><extension url="http://hl7.org/fhir/tools/StructureDefinition/ig-parameter"><extension url="code"><valueCode value="apply-wg"/></extension><extension url="value"><valueString value="true"/></extension></extension><extension url="http://hl7.org/fhir/tools/StructureDefinition/ig-parameter"><extension url="code"><valueCode value="active-tables"/></extension><extension url="value"><valueString value="true"/></extension></extension><extension url="http://hl7.org/fhir/tools/StructureDefinition/ig-parameter"><extension url="code"><valueCode value="fmm-definition"/></extension><extension url="value"><valueString value="http://hl7.org/fhir/versions.html#maturity"/></extension></extension><extension url="http://hl7.org/fhir/tools/StructureDefinition/ig-parameter"><extension url="code"><valueCode value="propagate-status"/></extension><extension url="value"><valueString value="true"/></extension></extension><extension url="http://hl7.org/fhir/tools/StructureDefinition/ig-parameter"><extension url="code"><valueCode value="excludelogbinaryformat"/></extension><extension url="value"><valueString value="true"/></extension></extension><extension url="http://hl7.org/fhir/tools/StructureDefinition/ig-parameter"><extension url="code"><valueCode value="tabbed-snapshots"/></extension><extension url="value"><valueString value="true"/></extension></extension><grouping id="-str-profile"><name value="Structures: Resource Profiles"/><description value="These define constraints on FHIR resources for systems conforming to this implementation guide."/></grouping><grouping id="-str-extension"><name value="Structures: Extension Definitions"/><description value="These define constraints on FHIR data types for systems conforming to this implementation guide."/></grouping><grouping id="-term-valueset"><name value="Terminology: Value Sets"/><description value="These define sets of codes used by systems conforming to this implementation guide."/></grouping><grouping id="-term-codesystem"><name value="Terminology: Code Systems"/><description value="These define new code systems used by systems conforming to this implementation guide."/></grouping><grouping id="-ex-example"><name value="Example: Example Instances"/><description value="These are example instances that show what data produced and consumed by systems conforming with this implementation guide might look like."/></grouping><resource><extension url="http://hl7.org/fhir/tools/StructureDefinition/resource-sort"><valueInteger value="999999999"/></extension><extension url="http://hl7.org/fhir/StructureDefinition/implementationguide-page"><valueUri value="StructureDefinition-PatientSNS.html"/></extension><reference><reference value="StructureDefinition/PatientSNS"/></reference><name value="Paciente"/><description value="Este perfil define como se modela un recurso FHIR Patient en FHIR como propósito de esta guía."/><exampleBoolean value="false"/><groupingId value="-str-profile"/></resource><resource><extension url="http://hl7.org/fhir/tools/StructureDefinition/resource-sort"><valueInteger value="999999999"/></extension><extension url="http://hl7.org/fhir/StructureDefinition/implementationguide-page"><valueUri value="StructureDefinition-patient-address-bis.html"/></extension><reference><reference value="StructureDefinition/patient-address-bis"/></reference><name value="Bis"/><description value="Bis"/><exampleBoolean value="false"/><groupingId value="-str-extension"/></resource><resource><extension url="http://hl7.org/fhir/tools/StructureDefinition/resource-sort"><valueInteger value="999999999"/></extension><extension url="http://hl7.org/fhir/StructureDefinition/implementationguide-page"><valueUri value="StructureDefinition-patient-address-bloque.html"/></extension><reference><reference value="StructureDefinition/patient-address-bloque"/></reference><name value="Bloque"/><description value="Bloque"/><exampleBoolean value="false"/><groupingId value="-str-extension"/></resource><resource><extension url="http://hl7.org/fhir/tools/StructureDefinition/resource-sort"><valueInteger value="999999999"/></extension><extension url="http://hl7.org/fhir/StructureDefinition/implementationguide-page"><valueUri value="StructureDefinition-patient-adscription-community.html"/></extension><reference><reference value="StructureDefinition/patient-adscription-community"/></reference><name value="CA Adscripción paciente"/><description value="CA Adscripción paciente"/><exampleBoolean value="false"/><groupingId value="-str-extension"/></resource><resource><extension url="http://hl7.org/fhir/tools/StructureDefinition/resource-sort"><valueInteger value="999999999"/></extension><extension url="http://hl7.org/fhir/StructureDefinition/implementationguide-page"><valueUri value="StructureDefinition-patient-inscription-community.html"/></extension><reference><reference value="StructureDefinition/patient-inscription-community"/></reference><name value="CA Inscripción coberturas paciente"/><description value="CA Inscripción coberturas paciente"/><exampleBoolean value="false"/><groupingId value="-str-extension"/></resource><resource><extension url="http://hl7.org/fhir/tools/StructureDefinition/resource-sort"><valueInteger value="999999999"/></extension><extension url="http://hl7.org/fhir/StructureDefinition/implementationguide-page"><valueUri value="StructureDefinition-patient-birth-community.html"/></extension><reference><reference value="StructureDefinition/patient-birth-community"/></reference><name value="CA Nacimiento paciente"/><description value="CA Nacimiento paciente"/><exampleBoolean value="false"/><groupingId value="-str-extension"/></resource><resource><extension url="http://hl7.org/fhir/tools/StructureDefinition/resource-sort"><valueInteger value="999999999"/></extension><extension url="http://hl7.org/fhir/StructureDefinition/implementationguide-page"><valueUri value="StructureDefinition-patient-temporalidad-ca.html"/></extension><reference><reference value="StructureDefinition/patient-temporalidad-ca"/></reference><name value="CA Temporalidad"/><description value="CA Temporalidad"/><exampleBoolean value="false"/><groupingId value="-str-extension"/></resource><resource><extension url="http://hl7.org/fhir/tools/StructureDefinition/resource-sort"><valueInteger value="999999999"/></extension><extension url="http://hl7.org/fhir/StructureDefinition/implementationguide-page"><valueUri value="StructureDefinition-iso21090-ADXP-postBox.html"/></extension><reference><reference value="StructureDefinition/iso21090-ADXP-postBox"/></reference><name value="Codigo Postal"/><description value="Codigo Postal"/><exampleBoolean value="false"/><groupingId value="-str-extension"/></resource><resource><extension url="http://hl7.org/fhir/tools/StructureDefinition/resource-sort"><valueInteger value="999999999"/></extension><extension url="http://hl7.org/fhir/StructureDefinition/implementationguide-page"><valueUri value="StructureDefinition-patient-coverage-insurance.html"/></extension><reference><reference value="StructureDefinition/patient-coverage-insurance"/></reference><name value="Entidades Aseguradoras coberturas paciente"/><description value="Entidades Aseguradoras coberturas paciente"/><exampleBoolean value="false"/><groupingId value="-str-extension"/></resource><resource><extension url="http://hl7.org/fhir/tools/StructureDefinition/resource-sort"><valueInteger value="999999999"/></extension><extension url="http://hl7.org/fhir/StructureDefinition/implementationguide-page"><valueUri value="StructureDefinition-patient-coverage-entities.html"/></extension><reference><reference value="StructureDefinition/patient-coverage-entities"/></reference><name value="Entidades Colaboradoras coberturas paciente"/><description value="Entidades Colaboradoras coberturas paciente"/><exampleBoolean value="false"/><groupingId value="-str-extension"/></resource><resource><extension url="http://hl7.org/fhir/tools/StructureDefinition/resource-sort"><valueInteger value="999999999"/></extension><extension url="http://hl7.org/fhir/StructureDefinition/implementationguide-page"><valueUri value="StructureDefinition-patient-coverage-mgt.html"/></extension><reference><reference value="StructureDefinition/patient-coverage-mgt"/></reference><name value="Entidades Gestoras coberturas paciente"/><description value="Entidades Gestoras coberturas paciente"/><exampleBoolean value="false"/><groupingId value="-str-extension"/></resource><resource><extension url="http://hl7.org/fhir/tools/StructureDefinition/resource-sort"><valueInteger value="999999999"/></extension><extension url="http://hl7.org/fhir/StructureDefinition/implementationguide-page"><valueUri value="StructureDefinition-patient-address-escalera.html"/></extension><reference><reference value="StructureDefinition/patient-address-escalera"/></reference><name value="Escalera"/><description value="Escalera"/><exampleBoolean value="false"/><groupingId value="-str-extension"/></resource><resource><extension url="http://hl7.org/fhir/tools/StructureDefinition/resource-sort"><valueInteger value="999999999"/></extension><extension url="http://hl7.org/fhir/StructureDefinition/implementationguide-page"><valueUri value="StructureDefinition-estado-comprobacion-indef.html"/></extension><reference><reference value="StructureDefinition/estado-comprobacion-indef"/></reference><name value="Estado comprobación fecha defunción"/><description value="Estado comprobación fecha defunción"/><exampleBoolean value="false"/><groupingId value="-str-extension"/></resource><resource><extension url="http://hl7.org/fhir/tools/StructureDefinition/resource-sort"><valueInteger value="999999999"/></extension><extension url="http://hl7.org/fhir/StructureDefinition/implementationguide-page"><valueUri value="StructureDefinition-patient-foreigner.html"/></extension><reference><reference value="StructureDefinition/patient-foreigner"/></reference><name value="Extranjero"/><description value="Extranjero"/><exampleBoolean value="false"/><groupingId value="-str-extension"/></resource><resource><extension url="http://hl7.org/fhir/tools/StructureDefinition/resource-sort"><valueInteger value="999999999"/></extension><extension url="http://hl7.org/fhir/StructureDefinition/implementationguide-page"><valueUri value="StructureDefinition-patient-passive-date.html"/></extension><reference><reference value="StructureDefinition/patient-passive-date"/></reference><name value="Fecha Paso a Pasivo"/><description value="Fecha Paso a Pasivo"/><exampleBoolean value="false"/><groupingId value="-str-extension"/></resource><resource><extension url="http://hl7.org/fhir/tools/StructureDefinition/resource-sort"><valueInteger value="999999999"/></extension><extension url="http://hl7.org/fhir/StructureDefinition/implementationguide-page"><valueUri value="StructureDefinition-patient-creation-datetime.html"/></extension><reference><reference value="StructureDefinition/patient-creation-datetime"/></reference><name value="Fecha de alta del registro. Formato yyyy-mm-dd"/><description value="Fecha de alta del registro. Formato yyyy-mm-dd"/><exampleBoolean value="false"/><groupingId value="-str-extension"/></resource><resource><extension url="http://hl7.org/fhir/tools/StructureDefinition/resource-sort"><valueInteger value="999999999"/></extension><extension url="http://hl7.org/fhir/StructureDefinition/implementationguide-page"><valueUri value="StructureDefinition-patient-temporalidad-end-date.html"/></extension><reference><reference value="StructureDefinition/patient-temporalidad-end-date"/></reference><name value="Fecha fin temporalidad"/><description value="Fecha fin temporalidad"/><exampleBoolean value="false"/><groupingId value="-str-extension"/></resource><resource><extension url="http://hl7.org/fhir/tools/StructureDefinition/resource-sort"><valueInteger value="999999999"/></extension><extension url="http://hl7.org/fhir/StructureDefinition/implementationguide-page"><valueUri value="StructureDefinition-patient-temporalidad-start-date.html"/></extension><reference><reference value="StructureDefinition/patient-temporalidad-start-date"/></reference><name value="Fecha inicio temporalidad"/><description value="Fecha inicio temporalidad"/><exampleBoolean value="false"/><groupingId value="-str-extension"/></resource><resource><extension url="http://hl7.org/fhir/tools/StructureDefinition/resource-sort"><valueInteger value="999999999"/></extension><extension url="http://hl7.org/fhir/StructureDefinition/implementationguide-page"><valueUri value="StructureDefinition-patient-dniDup.html"/></extension><reference><reference value="StructureDefinition/patient-dniDup"/></reference><name value="Flag Duplicado DNI"/><description value="Flag Duplicado DNI"/><exampleBoolean value="false"/><groupingId value="-str-extension"/></resource><resource><extension url="http://hl7.org/fhir/tools/StructureDefinition/resource-sort"><valueInteger value="999999999"/></extension><extension url="http://hl7.org/fhir/StructureDefinition/implementationguide-page"><valueUri value="StructureDefinition-patient-pharmacy-indicator.html"/></extension><reference><reference value="StructureDefinition/patient-pharmacy-indicator"/></reference><name value="Indicador Farmacia paciente"/><description value="Indicador Farmacia paciente"/><exampleBoolean value="false"/><groupingId value="-str-extension"/></resource><resource><extension url="http://hl7.org/fhir/tools/StructureDefinition/resource-sort"><valueInteger value="999999999"/></extension><extension url="http://hl7.org/fhir/StructureDefinition/implementationguide-page"><valueUri value="StructureDefinition-patient-passive-cause.html"/></extension><reference><reference value="StructureDefinition/patient-passive-cause"/></reference><name value="Motivo Causa Pasivo"/><description value="Motivo Causa Pasivo"/><exampleBoolean value="false"/><groupingId value="-str-extension"/></resource><resource><extension url="http://hl7.org/fhir/tools/StructureDefinition/resource-sort"><valueInteger value="999999999"/></extension><extension url="http://hl7.org/fhir/StructureDefinition/implementationguide-page"><valueUri value="StructureDefinition-patient-address-municipio.html"/></extension><reference><reference value="StructureDefinition/patient-address-municipio"/></reference><name value="Municipio"/><description value="Municipio"/><exampleBoolean value="false"/><groupingId value="-str-extension"/></resource><resource><extension url="http://hl7.org/fhir/tools/StructureDefinition/resource-sort"><valueInteger value="999999999"/></extension><extension url="http://hl7.org/fhir/StructureDefinition/implementationguide-page"><valueUri value="StructureDefinition-iso21090-ADXP-streetName.html"/></extension><reference><reference value="StructureDefinition/iso21090-ADXP-streetName"/></reference><name value="Nombre Via"/><description value="Nombre Via"/><exampleBoolean value="false"/><groupingId value="-str-extension"/></resource><resource><extension url="http://hl7.org/fhir/tools/StructureDefinition/resource-sort"><valueInteger value="999999999"/></extension><extension url="http://hl7.org/fhir/StructureDefinition/implementationguide-page"><valueUri value="StructureDefinition-iso21090-ADXP-houseNumber.html"/></extension><reference><reference value="StructureDefinition/iso21090-ADXP-houseNumber"/></reference><name value="Numero"/><description value="Numero"/><exampleBoolean value="false"/><groupingId value="-str-extension"/></resource><resource><extension url="http://hl7.org/fhir/tools/StructureDefinition/resource-sort"><valueInteger value="999999999"/></extension><extension url="http://hl7.org/fhir/StructureDefinition/implementationguide-page"><valueUri value="StructureDefinition-patient-birth-country.html"/></extension><reference><reference value="StructureDefinition/patient-birth-country"/></reference><name value="Pais Nacimiento paciente"/><description value="País Nacimiento paciente"/><exampleBoolean value="false"/><groupingId value="-str-extension"/></resource><resource><extension url="http://hl7.org/fhir/tools/StructureDefinition/resource-sort"><valueInteger value="999999999"/></extension><extension url="http://hl7.org/fhir/StructureDefinition/implementationguide-page"><valueUri value="StructureDefinition-patient-address-piso.html"/></extension><reference><reference value="StructureDefinition/patient-address-piso"/></reference><name value="Piso"/><description value="Piso"/><exampleBoolean value="false"/><groupingId value="-str-extension"/></resource><resource><extension url="http://hl7.org/fhir/tools/StructureDefinition/resource-sort"><valueInteger value="999999999"/></extension><extension url="http://hl7.org/fhir/StructureDefinition/implementationguide-page"><valueUri value="StructureDefinition-patient-surname1.html"/></extension><reference><reference value="StructureDefinition/patient-surname1"/></reference><name value="Primer Apellido"/><description value="Primer Apellido"/><exampleBoolean value="false"/><groupingId value="-str-extension"/></resource><resource><extension url="http://hl7.org/fhir/tools/StructureDefinition/resource-sort"><valueInteger value="999999999"/></extension><extension url="http://hl7.org/fhir/StructureDefinition/implementationguide-page"><valueUri value="StructureDefinition-patient-coverage-providers.html"/></extension><reference><reference value="StructureDefinition/patient-coverage-providers"/></reference><name value="Proveedores coberturas paciente"/><description value="Proveedores coberturas paciente"/><exampleBoolean value="false"/><groupingId value="-str-extension"/></resource><resource><extension url="http://hl7.org/fhir/tools/StructureDefinition/resource-sort"><valueInteger value="999999999"/></extension><extension url="http://hl7.org/fhir/StructureDefinition/implementationguide-page"><valueUri value="StructureDefinition-patient-address-provincia.html"/></extension><reference><reference value="StructureDefinition/patient-address-provincia"/></reference><name value="Provincia"/><description value="Provincia"/><exampleBoolean value="false"/><groupingId value="-str-extension"/></resource><resource><extension url="http://hl7.org/fhir/tools/StructureDefinition/resource-sort"><valueInteger value="999999999"/></extension><extension url="http://hl7.org/fhir/StructureDefinition/implementationguide-page"><valueUri value="StructureDefinition-patient-address-puerta.html"/></extension><reference><reference value="StructureDefinition/patient-address-puerta"/></reference><name value="Puerta"/><description value="Puerta"/><exampleBoolean value="false"/><groupingId value="-str-extension"/></resource><resource><extension url="http://hl7.org/fhir/tools/StructureDefinition/resource-sort"><valueInteger value="999999999"/></extension><extension url="http://hl7.org/fhir/StructureDefinition/implementationguide-page"><valueUri value="StructureDefinition-patient-surname2.html"/></extension><reference><reference value="StructureDefinition/patient-surname2"/></reference><name value="Segundo Apellido"/><description value="Segundo Apellido"/><exampleBoolean value="false"/><groupingId value="-str-extension"/></resource><resource><extension url="http://hl7.org/fhir/tools/StructureDefinition/resource-sort"><valueInteger value="999999999"/></extension><extension url="http://hl7.org/fhir/StructureDefinition/implementationguide-page"><valueUri value="StructureDefinition-patient-sexoNacimiento.html"/></extension><reference><reference value="StructureDefinition/patient-sexoNacimiento"/></reference><name value="Sexo Nacimiento"/><description value="Sexo Nacimiento"/><exampleBoolean value="false"/><groupingId value="-str-extension"/></resource><resource><extension url="http://hl7.org/fhir/tools/StructureDefinition/resource-sort"><valueInteger value="999999999"/></extension><extension url="http://hl7.org/fhir/StructureDefinition/implementationguide-page"><valueUri value="StructureDefinition-patient-coverage-situation.html"/></extension><reference><reference value="StructureDefinition/patient-coverage-situation"/></reference><name value="Situación coberturas paciente"/><description value="Situación coberturas paciente"/><exampleBoolean value="false"/><groupingId value="-str-extension"/></resource><resource><extension url="http://hl7.org/fhir/tools/StructureDefinition/resource-sort"><valueInteger value="999999999"/></extension><extension url="http://hl7.org/fhir/StructureDefinition/implementationguide-page"><valueUri value="StructureDefinition-patient-pharmacy-subindicator.html"/></extension><reference><reference value="StructureDefinition/patient-pharmacy-subindicator"/></reference><name value="SubIndicador Farmacia paciente"/><description value="SubIndicador Farmacia paciente"/><exampleBoolean value="false"/><groupingId value="-str-extension"/></resource><resource><extension url="http://hl7.org/fhir/tools/StructureDefinition/resource-sort"><valueInteger value="999999999"/></extension><extension url="http://hl7.org/fhir/StructureDefinition/implementationguide-page"><valueUri value="StructureDefinition-iso21090-ADXP-streetNameType.html"/></extension><reference><reference value="StructureDefinition/iso21090-ADXP-streetNameType"/></reference><name value="Tipo Via"/><description value="Tipo Via"/><exampleBoolean value="false"/><groupingId value="-str-extension"/></resource><resource><extension url="http://hl7.org/fhir/tools/StructureDefinition/resource-sort"><valueInteger value="999999999"/></extension><extension url="http://hl7.org/fhir/StructureDefinition/implementationguide-page"><valueUri value="StructureDefinition-patient-coverage-title.html"/></extension><reference><reference value="StructureDefinition/patient-coverage-title"/></reference><name value="Titulo coberturas paciente"/><description value="Titulo coberturas paciente"/><exampleBoolean value="false"/><groupingId value="-str-extension"/></resource><resource><extension url="http://hl7.org/fhir/tools/StructureDefinition/resource-sort"><valueInteger value="999999999"/></extension><extension url="http://hl7.org/fhir/StructureDefinition/implementationguide-page"><valueUri value="ValueSet-indicadorFarmaciaVS.html"/></extension><reference><reference value="ValueSet/indicadorFarmaciaVS"/></reference><name value="Indicador Farmacia ValueSet"/><description value="Indicador Farmacia ValueSet"/><exampleBoolean value="false"/><groupingId value="-term-valueset"/></resource><resource><extension url="http://hl7.org/fhir/tools/StructureDefinition/resource-sort"><valueInteger value="999999999"/></extension><extension url="http://hl7.org/fhir/StructureDefinition/implementationguide-page"><valueUri value="ValueSet-aseguradorasVS.html"/></extension><reference><reference value="ValueSet/aseguradorasVS"/></reference><name value="ValueSet Aseguradoras"/><description value="ValueSet Aseguradoras"/><exampleBoolean value="false"/><groupingId value="-term-valueset"/></resource><resource><extension url="http://hl7.org/fhir/tools/StructureDefinition/resource-sort"><valueInteger value="999999999"/></extension><extension url="http://hl7.org/fhir/StructureDefinition/implementationguide-page"><valueUri value="ValueSet-colaboradorasVS.html"/></extension><reference><reference value="ValueSet/colaboradorasVS"/></reference><name value="ValueSet Colaboradoras"/><description value="ValueSet Colaboradoras"/><exampleBoolean value="false"/><groupingId value="-term-valueset"/></resource><resource><extension url="http://hl7.org/fhir/tools/StructureDefinition/resource-sort"><valueInteger value="999999999"/></extension><extension url="http://hl7.org/fhir/StructureDefinition/implementationguide-page"><valueUri value="ValueSet-comunidadesAutonomasVS.html"/></extension><reference><reference value="ValueSet/comunidadesAutonomasVS"/></reference><name value="ValueSet Comunidades Autónomas"/><description value="ValueSet Comunidades Autónomas"/><exampleBoolean value="false"/><groupingId value="-term-valueset"/></resource><resource><extension url="http://hl7.org/fhir/tools/StructureDefinition/resource-sort"><valueInteger value="999999999"/></extension><extension url="http://hl7.org/fhir/StructureDefinition/implementationguide-page"><valueUri value="ValueSet-estadosVS.html"/></extension><reference><reference value="ValueSet/estadosVS"/></reference><name value="ValueSet Estado Paciente"/><description value="ValueSet Estado Paciente"/><exampleBoolean value="false"/><groupingId value="-term-valueset"/></resource><resource><extension url="http://hl7.org/fhir/tools/StructureDefinition/resource-sort"><valueInteger value="999999999"/></extension><extension url="http://hl7.org/fhir/StructureDefinition/implementationguide-page"><valueUri value="ValueSet-gestorasVS.html"/></extension><reference><reference value="ValueSet/gestorasVS"/></reference><name value="ValueSet Gestoras"/><description value="ValueSet Gestoras"/><exampleBoolean value="false"/><groupingId value="-term-valueset"/></resource><resource><extension url="http://hl7.org/fhir/tools/StructureDefinition/resource-sort"><valueInteger value="999999999"/></extension><extension url="http://hl7.org/fhir/StructureDefinition/implementationguide-page"><valueUri value="ValueSet-municipiosVS.html"/></extension><reference><reference value="ValueSet/municipiosVS"/></reference><name value="ValueSet Municipios"/><description value="ValueSet Municipios"/><exampleBoolean value="false"/><groupingId value="-term-valueset"/></resource><resource><extension url="http://hl7.org/fhir/tools/StructureDefinition/resource-sort"><valueInteger value="999999999"/></extension><extension url="http://hl7.org/fhir/StructureDefinition/implementationguide-page"><valueUri value="ValueSet-nacionalidadesVS.html"/></extension><reference><reference value="ValueSet/nacionalidadesVS"/></reference><name value="ValueSet Nacionalidades"/><description value="ValueSet Nacionalidades"/><exampleBoolean value="false"/><groupingId value="-term-valueset"/></resource><resource><extension url="http://hl7.org/fhir/tools/StructureDefinition/resource-sort"><valueInteger value="999999999"/></extension><extension url="http://hl7.org/fhir/StructureDefinition/implementationguide-page"><valueUri value="ValueSet-paisesVS.html"/></extension><reference><reference value="ValueSet/paisesVS"/></reference><name value="ValueSet Paises"/><description value="ValueSet Paises"/><exampleBoolean value="false"/><groupingId value="-term-valueset"/></resource><resource><extension url="http://hl7.org/fhir/tools/StructureDefinition/resource-sort"><valueInteger value="999999999"/></extension><extension url="http://hl7.org/fhir/StructureDefinition/implementationguide-page"><valueUri value="ValueSet-proveedoresVS.html"/></extension><reference><reference value="ValueSet/proveedoresVS"/></reference><name value="ValueSet Proveedores"/><description value="ValueSet Proveedores"/><exampleBoolean value="false"/><groupingId value="-term-valueset"/></resource><resource><extension url="http://hl7.org/fhir/tools/StructureDefinition/resource-sort"><valueInteger value="999999999"/></extension><extension url="http://hl7.org/fhir/StructureDefinition/implementationguide-page"><valueUri value="ValueSet-provinciasVS.html"/></extension><reference><reference value="ValueSet/provinciasVS"/></reference><name value="ValueSet Provincias"/><description value="ValueSet Provincias"/><exampleBoolean value="false"/><groupingId value="-term-valueset"/></resource><resource><extension url="http://hl7.org/fhir/tools/StructureDefinition/resource-sort"><valueInteger value="999999999"/></extension><extension url="http://hl7.org/fhir/StructureDefinition/implementationguide-page"><valueUri value="ValueSet-situacionesVS.html"/></extension><reference><reference value="ValueSet/situacionesVS"/></reference><name value="ValueSet Situaciones"/><description value="ValueSet Situaciones"/><exampleBoolean value="false"/><groupingId value="-term-valueset"/></resource><resource><extension url="http://hl7.org/fhir/tools/StructureDefinition/resource-sort"><valueInteger value="999999999"/></extension><extension url="http://hl7.org/fhir/StructureDefinition/implementationguide-page"><valueUri value="ValueSet-subIndicadorFarmaciaVS.html"/></extension><reference><reference value="ValueSet/subIndicadorFarmaciaVS"/></reference><name value="ValueSet Subindicador Farmacia"/><description value="ValueSet Subindicador Farmacia"/><exampleBoolean value="false"/><groupingId value="-term-valueset"/></resource><resource><extension url="http://hl7.org/fhir/tools/StructureDefinition/resource-sort"><valueInteger value="999999999"/></extension><extension url="http://hl7.org/fhir/StructureDefinition/implementationguide-page"><valueUri value="ValueSet-tipoViaVS.html"/></extension><reference><reference value="ValueSet/tipoViaVS"/></reference><name value="ValueSet Tipo de Via"/><description value="ValueSet Tipo de Via"/><exampleBoolean value="false"/><groupingId value="-term-valueset"/></resource><resource><extension url="http://hl7.org/fhir/tools/StructureDefinition/resource-sort"><valueInteger value="999999999"/></extension><extension url="http://hl7.org/fhir/StructureDefinition/implementationguide-page"><valueUri value="ValueSet-titulosVS.html"/></extension><reference><reference value="ValueSet/titulosVS"/></reference><name value="ValueSet Titulos"/><description value="ValueSet Titulos"/><exampleBoolean value="false"/><groupingId value="-term-valueset"/></resource><resource><extension url="http://hl7.org/fhir/tools/StructureDefinition/resource-sort"><valueInteger value="999999999"/></extension><extension url="http://hl7.org/fhir/StructureDefinition/implementationguide-page"><valueUri value="ValueSet-estadoIndefVS.html"/></extension><reference><reference value="ValueSet/estadoIndefVS"/></reference><name value="ValueSet comprobación Fecha Defunción"/><description value="ValueSet comprobación Fecha Defunción"/><exampleBoolean value="false"/><groupingId value="-term-valueset"/></resource><resource><extension url="http://hl7.org/fhir/tools/StructureDefinition/resource-sort"><valueInteger value="999999999"/></extension><extension url="http://hl7.org/fhir/StructureDefinition/implementationguide-page"><valueUri value="CodeSystem-aseguradorasCS.html"/></extension><reference><reference value="CodeSystem/aseguradorasCS"/></reference><name value="CodeSystem Aseguradoras"/><description value="CodeSystem Aseguradoras"/><exampleBoolean value="false"/><groupingId value="-term-codesystem"/></resource><resource><extension url="http://hl7.org/fhir/tools/StructureDefinition/resource-sort"><valueInteger value="999999999"/></extension><extension url="http://hl7.org/fhir/StructureDefinition/implementationguide-page"><valueUri value="CodeSystem-colaboradorasCS.html"/></extension><reference><reference value="CodeSystem/colaboradorasCS"/></reference><name value="CodeSystem Colaboradoras"/><description value="CodeSystem Colaboradoras"/><exampleBoolean value="false"/><groupingId value="-term-codesystem"/></resource><resource><extension url="http://hl7.org/fhir/tools/StructureDefinition/resource-sort"><valueInteger value="999999999"/></extension><extension url="http://hl7.org/fhir/StructureDefinition/implementationguide-page"><valueUri value="CodeSystem-comunidadesAutonomasCS.html"/></extension><reference><reference value="CodeSystem/comunidadesAutonomasCS"/></reference><name value="CodeSystem Comunidades Autónomas"/><description value="CodeSystem Comunidades Autónomas"/><exampleBoolean value="false"/><groupingId value="-term-codesystem"/></resource><resource><extension url="http://hl7.org/fhir/tools/StructureDefinition/resource-sort"><valueInteger value="999999999"/></extension><extension url="http://hl7.org/fhir/StructureDefinition/implementationguide-page"><valueUri value="CodeSystem-estadosCS.html"/></extension><reference><reference value="CodeSystem/estadosCS"/></reference><name value="CodeSystem Estado Paciente"/><description value="CodeSystem Estado Paciente"/><exampleBoolean value="false"/><groupingId value="-term-codesystem"/></resource><resource><extension url="http://hl7.org/fhir/tools/StructureDefinition/resource-sort"><valueInteger value="999999999"/></extension><extension url="http://hl7.org/fhir/StructureDefinition/implementationguide-page"><valueUri value="CodeSystem-gestorasCS.html"/></extension><reference><reference value="CodeSystem/gestorasCS"/></reference><name value="CodeSystem Gestoras"/><description value="CodeSystem Gestoras"/><exampleBoolean value="false"/><groupingId value="-term-codesystem"/></resource><resource><extension url="http://hl7.org/fhir/tools/StructureDefinition/resource-sort"><valueInteger value="999999999"/></extension><extension url="http://hl7.org/fhir/StructureDefinition/implementationguide-page"><valueUri value="CodeSystem-indicadorFarmaciaCS.html"/></extension><reference><reference value="CodeSystem/indicadorFarmaciaCS"/></reference><name value="CodeSystem Indicador Farmacia"/><description value="CodeSystem Indicador Farmacia"/><exampleBoolean value="false"/><groupingId value="-term-codesystem"/></resource><resource><extension url="http://hl7.org/fhir/tools/StructureDefinition/resource-sort"><valueInteger value="999999999"/></extension><extension url="http://hl7.org/fhir/StructureDefinition/implementationguide-page"><valueUri value="CodeSystem-municipiosCS.html"/></extension><reference><reference value="CodeSystem/municipiosCS"/></reference><name value="CodeSystem Municipios"/><description value="CodeSystem Municipios"/><exampleBoolean value="false"/><groupingId value="-term-codesystem"/></resource><resource><extension url="http://hl7.org/fhir/tools/StructureDefinition/resource-sort"><valueInteger value="999999999"/></extension><extension url="http://hl7.org/fhir/StructureDefinition/implementationguide-page"><valueUri value="CodeSystem-nacionalidadesCS.html"/></extension><reference><reference value="CodeSystem/nacionalidadesCS"/></reference><name value="CodeSystem Nacionalidades"/><description value="CodeSystem Nacionalidades"/><exampleBoolean value="false"/><groupingId value="-term-codesystem"/></resource><resource><extension url="http://hl7.org/fhir/tools/StructureDefinition/resource-sort"><valueInteger value="999999999"/></extension><extension url="http://hl7.org/fhir/StructureDefinition/implementationguide-page"><valueUri value="CodeSystem-paisesCS.html"/></extension><reference><reference value="CodeSystem/paisesCS"/></reference><name value="CodeSystem Paises"/><description value="CodeSystem Paises"/><exampleBoolean value="false"/><groupingId value="-term-codesystem"/></resource><resource><extension url="http://hl7.org/fhir/tools/StructureDefinition/resource-sort"><valueInteger value="999999999"/></extension><extension url="http://hl7.org/fhir/StructureDefinition/implementationguide-page"><valueUri value="CodeSystem-proveedoresCS.html"/></extension><reference><reference value="CodeSystem/proveedoresCS"/></reference><name value="CodeSystem Proveedores"/><description value="CodeSystem Proveedores"/><exampleBoolean value="false"/><groupingId value="-term-codesystem"/></resource><resource><extension url="http://hl7.org/fhir/tools/StructureDefinition/resource-sort"><valueInteger value="999999999"/></extension><extension url="http://hl7.org/fhir/StructureDefinition/implementationguide-page"><valueUri value="CodeSystem-provinciasCS.html"/></extension><reference><reference value="CodeSystem/provinciasCS"/></reference><name value="CodeSystem Provincias"/><description value="CodeSystem Provincias"/><exampleBoolean value="false"/><groupingId value="-term-codesystem"/></resource><resource><extension url="http://hl7.org/fhir/tools/StructureDefinition/resource-sort"><valueInteger value="999999999"/></extension><extension url="http://hl7.org/fhir/StructureDefinition/implementationguide-page"><valueUri value="CodeSystem-situacionesCS.html"/></extension><reference><reference value="CodeSystem/situacionesCS"/></reference><name value="CodeSystem Situaciones"/><description value="CodeSystem Situaciones"/><exampleBoolean value="false"/><groupingId value="-term-codesystem"/></resource><resource><extension url="http://hl7.org/fhir/tools/StructureDefinition/resource-sort"><valueInteger value="999999999"/></extension><extension url="http://hl7.org/fhir/StructureDefinition/implementationguide-page"><valueUri value="CodeSystem-subIndicadorFarmaciaCS.html"/></extension><reference><reference value="CodeSystem/subIndicadorFarmaciaCS"/></reference><name value="CodeSystem Subindicador Farmacia"/><description value="CodeSystem SubIndicador Farmacia"/><exampleBoolean value="false"/><groupingId value="-term-codesystem"/></resource><resource><extension url="http://hl7.org/fhir/tools/StructureDefinition/resource-sort"><valueInteger value="999999999"/></extension><extension url="http://hl7.org/fhir/StructureDefinition/implementationguide-page"><valueUri value="CodeSystem-tipoViaCS.html"/></extension><reference><reference value="CodeSystem/tipoViaCS"/></reference><name value="CodeSystem Tipo de Via"/><description value="CodeSystem Tipo de Via"/><exampleBoolean value="false"/><groupingId value="-term-codesystem"/></resource><resource><extension url="http://hl7.org/fhir/tools/StructureDefinition/resource-sort"><valueInteger value="999999999"/></extension><extension url="http://hl7.org/fhir/StructureDefinition/implementationguide-page"><valueUri value="CodeSystem-titulosCS.html"/></extension><reference><reference value="CodeSystem/titulosCS"/></reference><name value="CodeSystem Titulos"/><description value="CodeSystem Titulos"/><exampleBoolean value="false"/><groupingId value="-term-codesystem"/></resource><resource><extension url="http://hl7.org/fhir/tools/StructureDefinition/resource-sort"><valueInteger value="999999999"/></extension><extension url="http://hl7.org/fhir/StructureDefinition/implementationguide-page"><valueUri value="CodeSystem-estadoIndefCS.html"/></extension><reference><reference value="CodeSystem/estadoIndefCS"/></reference><name value="Estado comprobación Fecha Defunción"/><description value="Estado comprobación Fecha Defunción"/><exampleBoolean value="false"/><groupingId value="-term-codesystem"/></resource><resource><extension url="http://hl7.org/fhir/tools/StructureDefinition/resource-sort"><valueInteger value="999999999"/></extension><extension url="http://hl7.org/fhir/StructureDefinition/implementationguide-page"><valueUri value="Patient-BBBBBBBBBB000432.html"/></extension><reference><reference value="Patient/BBBBBBBBBB000432"/></reference><name value="BBBBBBBBBB000432"/><exampleCanonical value="http://sns.gob.es/fhir/tsi/StructureDefinition/PatientSNS"/><groupingId value="-ex-example"/></resource><resource><extension url="http://hl7.org/fhir/tools/StructureDefinition/resource-sort"><valueInteger value="999999999"/></extension><extension url="http://hl7.org/fhir/StructureDefinition/implementationguide-page"><valueUri value="Patient-BBBBBBBBBB009934.html"/></extension><reference><reference value="Patient/BBBBBBBBBB009934"/></reference><name value="Paciente Activo Europeo SNS"/><description value="Paciente Activo Europeo SNS"/><exampleCanonical value="http://sns.gob.es/fhir/tsi/StructureDefinition/PatientSNS"/><groupingId value="-ex-example"/></resource><resource><extension url="http://hl7.org/fhir/tools/StructureDefinition/resource-sort"><valueInteger value="999999999"/></extension><extension url="http://hl7.org/fhir/StructureDefinition/implementationguide-page"><valueUri value="Patient-BBBBBBBBBB009933.html"/></extension><reference><reference value="Patient/BBBBBBBBBB009933"/></reference><name value="Paciente Pasivo Otros Motivos SNS"/><description value="Paciente Pasivo Otros Motivos SNS"/><exampleCanonical value="http://sns.gob.es/fhir/tsi/StructureDefinition/PatientSNS"/><groupingId value="-ex-example"/></resource><resource><extension url="http://hl7.org/fhir/tools/StructureDefinition/resource-sort"><valueInteger value="999999999"/></extension><extension url="http://hl7.org/fhir/StructureDefinition/implementationguide-page"><valueUri value="Patient-BBBBBBBBBB009932.html"/></extension><reference><reference value="Patient/BBBBBBBBBB009932"/></reference><name value="Paciente Pasivo por Defunción SNS"/><description value="Paciente Pasivo por Defunción SNS"/><exampleCanonical value="http://sns.gob.es/fhir/tsi/StructureDefinition/PatientSNS"/><groupingId value="-ex-example"/></resource><page><extension url="http://hl7.org/fhir/tools/StructureDefinition/ig-page-name"><valueUrl value="toc.html"/></extension><nameUrl value="toc.html"/><title value="Table of Contents"/><generation value="html"/><page><extension url="http://hl7.org/fhir/tools/StructureDefinition/ig-page-name"><valueUrl value="index.html"/></extension><nameUrl value="index.html"/><title value="Introducción"/><generation value="markdown"/></page><page><extension url="http://hl7.org/fhir/tools/StructureDefinition/ig-page-name"><valueUrl value="altaCiudadano.html"/></extension><nameUrl value="altaCiudadano.html"/><title value="Alta Ciudadano"/><generation value="markdown"/></page><page><extension url="http://hl7.org/fhir/tools/StructureDefinition/ig-page-name"><valueUrl value="bajaCiudadano.html"/></extension><nameUrl value="bajaCiudadano.html"/><title value="Baja Ciudadano"/><generation value="markdown"/></page><page><extension url="http://hl7.org/fhir/tools/StructureDefinition/ig-page-name"><valueUrl value="casosUso.html"/></extension><nameUrl value="casosUso.html"/><title value="Casos de Uso"/><generation value="markdown"/></page><page><extension url="http://hl7.org/fhir/tools/StructureDefinition/ig-page-name"><valueUrl value="consultarCiudadano.html"/></extension><nameUrl value="consultarCiudadano.html"/><title value="Consultar Ciudadano"/><generation value="markdown"/></page><page><extension url="http://hl7.org/fhir/tools/StructureDefinition/ig-page-name"><valueUrl value="consultarCiudadanoEuropeo.html"/></extension><nameUrl value="consultarCiudadanoEuropeo.html"/><title value="Consultar Ciudadano Europeo"/><generation value="markdown"/></page><page><extension url="http://hl7.org/fhir/tools/StructureDefinition/ig-page-name"><valueUrl value="diagramaSec.html"/></extension><nameUrl value="diagramaSec.html"/><title value="Diagrama de Secuencia"/><generation value="markdown"/></page><page><extension url="http://hl7.org/fhir/tools/StructureDefinition/ig-page-name"><valueUrl value="llamadaAlta.html"/></extension><nameUrl value="llamadaAlta.html"/><title value="Definición Alta Ciudadano"/><generation value="markdown"/></page><page><extension url="http://hl7.org/fhir/tools/StructureDefinition/ig-page-name"><valueUrl value="llamadaBaja.html"/></extension><nameUrl value="llamadaBaja.html"/><title value="Definición Baja Ciudadano"/><generation value="markdown"/></page><page><extension url="http://hl7.org/fhir/tools/StructureDefinition/ig-page-name"><valueUrl value="llamadaConsulta.html"/></extension><nameUrl value="llamadaConsulta.html"/><title value="Definición Consulta Ciudadano"/><generation value="markdown"/></page><page><extension url="http://hl7.org/fhir/tools/StructureDefinition/ig-page-name"><valueUrl value="llamadaNotificar.html"/></extension><nameUrl value="llamadaNotificar.html"/><title value="Definición Notificación Cambio"/><generation value="markdown"/></page><page><extension url="http://hl7.org/fhir/tools/StructureDefinition/ig-page-name"><valueUrl value="llamadaModificacion.html"/></extension><nameUrl value="llamadaModificacion.html"/><title value="Definición Modificación"/><generation value="markdown"/></page><page><extension url="http://hl7.org/fhir/tools/StructureDefinition/ig-page-name"><valueUrl value="mapeo.html"/></extension><nameUrl value="mapeo.html"/><title value="Mapeos"/><generation value="markdown"/></page><page><extension url="http://hl7.org/fhir/tools/StructureDefinition/ig-page-name"><valueUrl value="modificarCiudadano.html"/></extension><nameUrl value="modificarCiudadano.html"/><title value="Modificar Ciudadano"/><generation value="markdown"/></page><page><extension url="http://hl7.org/fhir/tools/StructureDefinition/ig-page-name"><valueUrl value="notificarCambio.html"/></extension><nameUrl value="notificarCambio.html"/><title value="Notificar Cambio"/><generation value="markdown"/></page><page><extension url="http://hl7.org/fhir/tools/StructureDefinition/ig-page-name"><valueUrl value="terminologias.html"/></extension><nameUrl value="terminologias.html"/><title value="Terminologías"/><generation value="markdown"/></page><page><extension url="http://hl7.org/fhir/tools/StructureDefinition/ig-page-name"><valueUrl value="seguridad.html"/></extension><nameUrl value="seguridad.html"/><title value="Seguridad"/><generation value="markdown"/></page><page><extension url="http://hl7.org/fhir/tools/StructureDefinition/ig-page-name"><valueUrl value="artifacts.html"/></extension><nameUrl value="artifacts.html"/><title value="Artifacts Summary"/><generation value="html"/><page><extension url="http://hl7.org/fhir/tools/StructureDefinition/ig-page-name"><valueUrl value="StructureDefinition-PatientSNS.html"/></extension><nameUrl value="StructureDefinition-PatientSNS.html"/><title value="Paciente"/><generation value="generated"/></page><page><extension url="http://hl7.org/fhir/tools/StructureDefinition/ig-page-name"><valueUrl value="StructureDefinition-patient-address-bis.html"/></extension><nameUrl value="StructureDefinition-patient-address-bis.html"/><title value="Bis"/><generation value="generated"/></page><page><extension url="http://hl7.org/fhir/tools/StructureDefinition/ig-page-name"><valueUrl value="StructureDefinition-patient-address-bloque.html"/></extension><nameUrl value="StructureDefinition-patient-address-bloque.html"/><title value="Bloque"/><generation value="generated"/></page><page><extension url="http://hl7.org/fhir/tools/StructureDefinition/ig-page-name"><valueUrl value="StructureDefinition-patient-adscription-community.html"/></extension><nameUrl value="StructureDefinition-patient-adscription-community.html"/><title value="CA Adscripción paciente"/><generation value="generated"/></page><page><extension url="http://hl7.org/fhir/tools/StructureDefinition/ig-page-name"><valueUrl value="StructureDefinition-patient-inscription-community.html"/></extension><nameUrl value="StructureDefinition-patient-inscription-community.html"/><title value="CA Inscripción coberturas paciente"/><generation value="generated"/></page><page><extension url="http://hl7.org/fhir/tools/StructureDefinition/ig-page-name"><valueUrl value="StructureDefinition-patient-birth-community.html"/></extension><nameUrl value="StructureDefinition-patient-birth-community.html"/><title value="CA Nacimiento paciente"/><generation value="generated"/></page><page><extension url="http://hl7.org/fhir/tools/StructureDefinition/ig-page-name"><valueUrl value="StructureDefinition-patient-temporalidad-ca.html"/></extension><nameUrl value="StructureDefinition-patient-temporalidad-ca.html"/><title value="CA Temporalidad"/><generation value="generated"/></page><page><extension url="http://hl7.org/fhir/tools/StructureDefinition/ig-page-name"><valueUrl value="StructureDefinition-iso21090-ADXP-postBox.html"/></extension><nameUrl value="StructureDefinition-iso21090-ADXP-postBox.html"/><title value="Codigo Postal"/><generation value="generated"/></page><page><extension url="http://hl7.org/fhir/tools/StructureDefinition/ig-page-name"><valueUrl value="StructureDefinition-patient-coverage-insurance.html"/></extension><nameUrl value="StructureDefinition-patient-coverage-insurance.html"/><title value="Entidades Aseguradoras coberturas paciente"/><generation value="generated"/></page><page><extension url="http://hl7.org/fhir/tools/StructureDefinition/ig-page-name"><valueUrl value="StructureDefinition-patient-coverage-entities.html"/></extension><nameUrl value="StructureDefinition-patient-coverage-entities.html"/><title value="Entidades Colaboradoras coberturas paciente"/><generation value="generated"/></page><page><extension url="http://hl7.org/fhir/tools/StructureDefinition/ig-page-name"><valueUrl value="StructureDefinition-patient-coverage-mgt.html"/></extension><nameUrl value="StructureDefinition-patient-coverage-mgt.html"/><title value="Entidades Gestoras coberturas paciente"/><generation value="generated"/></page><page><extension url="http://hl7.org/fhir/tools/StructureDefinition/ig-page-name"><valueUrl value="StructureDefinition-patient-address-escalera.html"/></extension><nameUrl value="StructureDefinition-patient-address-escalera.html"/><title value="Escalera"/><generation value="generated"/></page><page><extension url="http://hl7.org/fhir/tools/StructureDefinition/ig-page-name"><valueUrl value="StructureDefinition-estado-comprobacion-indef.html"/></extension><nameUrl value="StructureDefinition-estado-comprobacion-indef.html"/><title value="Estado comprobación fecha defunción"/><generation value="generated"/></page><page><extension url="http://hl7.org/fhir/tools/StructureDefinition/ig-page-name"><valueUrl value="StructureDefinition-patient-foreigner.html"/></extension><nameUrl value="StructureDefinition-patient-foreigner.html"/><title value="Extranjero"/><generation value="generated"/></page><page><extension url="http://hl7.org/fhir/tools/StructureDefinition/ig-page-name"><valueUrl value="StructureDefinition-patient-creation-datetime.html"/></extension><nameUrl value="StructureDefinition-patient-creation-datetime.html"/><title value="Fecha de alta del registro. Formato yyyy-mm-dd"/><generation value="generated"/></page><page><extension url="http://hl7.org/fhir/tools/StructureDefinition/ig-page-name"><valueUrl value="StructureDefinition-patient-temporalidad-end-date.html"/></extension><nameUrl value="StructureDefinition-patient-temporalidad-end-date.html"/><title value="Fecha fin temporalidad"/><generation value="generated"/></page><page><extension url="http://hl7.org/fhir/tools/StructureDefinition/ig-page-name"><valueUrl value="StructureDefinition-patient-temporalidad-start-date.html"/></extension><nameUrl value="StructureDefinition-patient-temporalidad-start-date.html"/><title value="Fecha inicio temporalidad"/><generation value="generated"/></page><page><extension url="http://hl7.org/fhir/tools/StructureDefinition/ig-page-name"><valueUrl value="StructureDefinition-patient-passive-date.html"/></extension><nameUrl value="StructureDefinition-patient-passive-date.html"/><title value="Fecha Paso a Pasivo"/><generation value="generated"/></page><page><extension url="http://hl7.org/fhir/tools/StructureDefinition/ig-page-name"><valueUrl value="StructureDefinition-patient-dniDup.html"/></extension><nameUrl value="StructureDefinition-patient-dniDup.html"/><title value="Flag Duplicado DNI"/><generation value="generated"/></page><page><extension url="http://hl7.org/fhir/tools/StructureDefinition/ig-page-name"><valueUrl value="StructureDefinition-patient-pharmacy-indicator.html"/></extension><nameUrl value="StructureDefinition-patient-pharmacy-indicator.html"/><title value="Indicador Farmacia paciente"/><generation value="generated"/></page><page><extension url="http://hl7.org/fhir/tools/StructureDefinition/ig-page-name"><valueUrl value="StructureDefinition-patient-passive-cause.html"/></extension><nameUrl value="StructureDefinition-patient-passive-cause.html"/><title value="Motivo Causa Pasivo"/><generation value="generated"/></page><page><extension url="http://hl7.org/fhir/tools/StructureDefinition/ig-page-name"><valueUrl value="StructureDefinition-patient-address-municipio.html"/></extension><nameUrl value="StructureDefinition-patient-address-municipio.html"/><title value="Municipio"/><generation value="generated"/></page><page><extension url="http://hl7.org/fhir/tools/StructureDefinition/ig-page-name"><valueUrl value="StructureDefinition-iso21090-ADXP-streetName.html"/></extension><nameUrl value="StructureDefinition-iso21090-ADXP-streetName.html"/><title value="Nombre Via"/><generation value="generated"/></page><page><extension url="http://hl7.org/fhir/tools/StructureDefinition/ig-page-name"><valueUrl value="StructureDefinition-iso21090-ADXP-houseNumber.html"/></extension><nameUrl value="StructureDefinition-iso21090-ADXP-houseNumber.html"/><title value="Numero"/><generation value="generated"/></page><page><extension url="http://hl7.org/fhir/tools/StructureDefinition/ig-page-name"><valueUrl value="StructureDefinition-patient-birth-country.html"/></extension><nameUrl value="StructureDefinition-patient-birth-country.html"/><title value="Pais Nacimiento paciente"/><generation value="generated"/></page><page><extension url="http://hl7.org/fhir/tools/StructureDefinition/ig-page-name"><valueUrl value="StructureDefinition-patient-address-piso.html"/></extension><nameUrl value="StructureDefinition-patient-address-piso.html"/><title value="Piso"/><generation value="generated"/></page><page><extension url="http://hl7.org/fhir/tools/StructureDefinition/ig-page-name"><valueUrl value="StructureDefinition-patient-surname1.html"/></extension><nameUrl value="StructureDefinition-patient-surname1.html"/><title value="Primer Apellido"/><generation value="generated"/></page><page><extension url="http://hl7.org/fhir/tools/StructureDefinition/ig-page-name"><valueUrl value="StructureDefinition-patient-coverage-providers.html"/></extension><nameUrl value="StructureDefinition-patient-coverage-providers.html"/><title value="Proveedores coberturas paciente"/><generation value="generated"/></page><page><extension url="http://hl7.org/fhir/tools/StructureDefinition/ig-page-name"><valueUrl value="StructureDefinition-patient-address-provincia.html"/></extension><nameUrl value="StructureDefinition-patient-address-provincia.html"/><title value="Provincia"/><generation value="generated"/></page><page><extension url="http://hl7.org/fhir/tools/StructureDefinition/ig-page-name"><valueUrl value="StructureDefinition-patient-address-puerta.html"/></extension><nameUrl value="StructureDefinition-patient-address-puerta.html"/><title value="Puerta"/><generation value="generated"/></page><page><extension url="http://hl7.org/fhir/tools/StructureDefinition/ig-page-name"><valueUrl value="StructureDefinition-patient-surname2.html"/></extension><nameUrl value="StructureDefinition-patient-surname2.html"/><title value="Segundo Apellido"/><generation value="generated"/></page><page><extension url="http://hl7.org/fhir/tools/StructureDefinition/ig-page-name"><valueUrl value="StructureDefinition-patient-sexoNacimiento.html"/></extension><nameUrl value="StructureDefinition-patient-sexoNacimiento.html"/><title value="Sexo Nacimiento"/><generation value="generated"/></page><page><extension url="http://hl7.org/fhir/tools/StructureDefinition/ig-page-name"><valueUrl value="StructureDefinition-patient-coverage-situation.html"/></extension><nameUrl value="StructureDefinition-patient-coverage-situation.html"/><title value="Situación coberturas paciente"/><generation value="generated"/></page><page><extension url="http://hl7.org/fhir/tools/StructureDefinition/ig-page-name"><valueUrl value="StructureDefinition-patient-pharmacy-subindicator.html"/></extension><nameUrl value="StructureDefinition-patient-pharmacy-subindicator.html"/><title value="SubIndicador Farmacia paciente"/><generation value="generated"/></page><page><extension url="http://hl7.org/fhir/tools/StructureDefinition/ig-page-name"><valueUrl value="StructureDefinition-iso21090-ADXP-streetNameType.html"/></extension><nameUrl value="StructureDefinition-iso21090-ADXP-streetNameType.html"/><title value="Tipo Via"/><generation value="generated"/></page><page><extension url="http://hl7.org/fhir/tools/StructureDefinition/ig-page-name"><valueUrl value="StructureDefinition-patient-coverage-title.html"/></extension><nameUrl value="StructureDefinition-patient-coverage-title.html"/><title value="Titulo coberturas paciente"/><generation value="generated"/></page><page><extension url="http://hl7.org/fhir/tools/StructureDefinition/ig-page-name"><valueUrl value="ValueSet-indicadorFarmaciaVS.html"/></extension><nameUrl value="ValueSet-indicadorFarmaciaVS.html"/><title value="Indicador Farmacia ValueSet"/><generation value="generated"/></page><page><extension url="http://hl7.org/fhir/tools/StructureDefinition/ig-page-name"><valueUrl value="ValueSet-aseguradorasVS.html"/></extension><nameUrl value="ValueSet-aseguradorasVS.html"/><title value="ValueSet Aseguradoras"/><generation value="generated"/></page><page><extension url="http://hl7.org/fhir/tools/StructureDefinition/ig-page-name"><valueUrl value="ValueSet-colaboradorasVS.html"/></extension><nameUrl value="ValueSet-colaboradorasVS.html"/><title value="ValueSet Colaboradoras"/><generation value="generated"/></page><page><extension url="http://hl7.org/fhir/tools/StructureDefinition/ig-page-name"><valueUrl value="ValueSet-estadoIndefVS.html"/></extension><nameUrl value="ValueSet-estadoIndefVS.html"/><title value="ValueSet comprobación Fecha Defunción"/><generation value="generated"/></page><page><extension url="http://hl7.org/fhir/tools/StructureDefinition/ig-page-name"><valueUrl value="ValueSet-comunidadesAutonomasVS.html"/></extension><nameUrl value="ValueSet-comunidadesAutonomasVS.html"/><title value="ValueSet Comunidades Autónomas"/><generation value="generated"/></page><page><extension url="http://hl7.org/fhir/tools/StructureDefinition/ig-page-name"><valueUrl value="ValueSet-estadosVS.html"/></extension><nameUrl value="ValueSet-estadosVS.html"/><title value="ValueSet Estado Paciente"/><generation value="generated"/></page><page><extension url="http://hl7.org/fhir/tools/StructureDefinition/ig-page-name"><valueUrl value="ValueSet-gestorasVS.html"/></extension><nameUrl value="ValueSet-gestorasVS.html"/><title value="ValueSet Gestoras"/><generation value="generated"/></page><page><extension url="http://hl7.org/fhir/tools/StructureDefinition/ig-page-name"><valueUrl value="ValueSet-municipiosVS.html"/></extension><nameUrl value="ValueSet-municipiosVS.html"/><title value="ValueSet Municipios"/><generation value="generated"/></page><page><extension url="http://hl7.org/fhir/tools/StructureDefinition/ig-page-name"><valueUrl value="ValueSet-nacionalidadesVS.html"/></extension><nameUrl value="ValueSet-nacionalidadesVS.html"/><title value="ValueSet Nacionalidades"/><generation value="generated"/></page><page><extension url="http://hl7.org/fhir/tools/StructureDefinition/ig-page-name"><valueUrl value="ValueSet-paisesVS.html"/></extension><nameUrl value="ValueSet-paisesVS.html"/><title value="ValueSet Paises"/><generation value="generated"/></page><page><extension url="http://hl7.org/fhir/tools/StructureDefinition/ig-page-name"><valueUrl value="ValueSet-proveedoresVS.html"/></extension><nameUrl value="ValueSet-proveedoresVS.html"/><title value="ValueSet Proveedores"/><generation value="generated"/></page><page><extension url="http://hl7.org/fhir/tools/StructureDefinition/ig-page-name"><valueUrl value="ValueSet-provinciasVS.html"/></extension><nameUrl value="ValueSet-provinciasVS.html"/><title value="ValueSet Provincias"/><generation value="generated"/></page><page><extension url="http://hl7.org/fhir/tools/StructureDefinition/ig-page-name"><valueUrl value="ValueSet-situacionesVS.html"/></extension><nameUrl value="ValueSet-situacionesVS.html"/><title value="ValueSet Situaciones"/><generation value="generated"/></page><page><extension url="http://hl7.org/fhir/tools/StructureDefinition/ig-page-name"><valueUrl value="ValueSet-subIndicadorFarmaciaVS.html"/></extension><nameUrl value="ValueSet-subIndicadorFarmaciaVS.html"/><title value="ValueSet Subindicador Farmacia"/><generation value="generated"/></page><page><extension url="http://hl7.org/fhir/tools/StructureDefinition/ig-page-name"><valueUrl value="ValueSet-tipoViaVS.html"/></extension><nameUrl value="ValueSet-tipoViaVS.html"/><title value="ValueSet Tipo de Via"/><generation value="generated"/></page><page><extension url="http://hl7.org/fhir/tools/StructureDefinition/ig-page-name"><valueUrl value="ValueSet-titulosVS.html"/></extension><nameUrl value="ValueSet-titulosVS.html"/><title value="ValueSet Titulos"/><generation value="generated"/></page><page><extension url="http://hl7.org/fhir/tools/StructureDefinition/ig-page-name"><valueUrl value="CodeSystem-aseguradorasCS.html"/></extension><nameUrl value="CodeSystem-aseguradorasCS.html"/><title value="CodeSystem Aseguradoras"/><generation value="generated"/></page><page><extension url="http://hl7.org/fhir/tools/StructureDefinition/ig-page-name"><valueUrl value="CodeSystem-colaboradorasCS.html"/></extension><nameUrl value="CodeSystem-colaboradorasCS.html"/><title value="CodeSystem Colaboradoras"/><generation value="generated"/></page><page><extension url="http://hl7.org/fhir/tools/StructureDefinition/ig-page-name"><valueUrl value="CodeSystem-comunidadesAutonomasCS.html"/></extension><nameUrl value="CodeSystem-comunidadesAutonomasCS.html"/><title value="CodeSystem Comunidades Autónomas"/><generation value="generated"/></page><page><extension url="http://hl7.org/fhir/tools/StructureDefinition/ig-page-name"><valueUrl value="CodeSystem-estadosCS.html"/></extension><nameUrl value="CodeSystem-estadosCS.html"/><title value="CodeSystem Estado Paciente"/><generation value="generated"/></page><page><extension url="http://hl7.org/fhir/tools/StructureDefinition/ig-page-name"><valueUrl value="CodeSystem-gestorasCS.html"/></extension><nameUrl value="CodeSystem-gestorasCS.html"/><title value="CodeSystem Gestoras"/><generation value="generated"/></page><page><extension url="http://hl7.org/fhir/tools/StructureDefinition/ig-page-name"><valueUrl value="CodeSystem-indicadorFarmaciaCS.html"/></extension><nameUrl value="CodeSystem-indicadorFarmaciaCS.html"/><title value="CodeSystem Indicador Farmacia"/><generation value="generated"/></page><page><extension url="http://hl7.org/fhir/tools/StructureDefinition/ig-page-name"><valueUrl value="CodeSystem-municipiosCS.html"/></extension><nameUrl value="CodeSystem-municipiosCS.html"/><title value="CodeSystem Municipios"/><generation value="generated"/></page><page><extension url="http://hl7.org/fhir/tools/StructureDefinition/ig-page-name"><valueUrl value="CodeSystem-nacionalidadesCS.html"/></extension><nameUrl value="CodeSystem-nacionalidadesCS.html"/><title value="CodeSystem Nacionalidades"/><generation value="generated"/></page><page><extension url="http://hl7.org/fhir/tools/StructureDefinition/ig-page-name"><valueUrl value="CodeSystem-paisesCS.html"/></extension><nameUrl value="CodeSystem-paisesCS.html"/><title value="CodeSystem Paises"/><generation value="generated"/></page><page><extension url="http://hl7.org/fhir/tools/StructureDefinition/ig-page-name"><valueUrl value="CodeSystem-proveedoresCS.html"/></extension><nameUrl value="CodeSystem-proveedoresCS.html"/><title value="CodeSystem Proveedores"/><generation value="generated"/></page><page><extension url="http://hl7.org/fhir/tools/StructureDefinition/ig-page-name"><valueUrl value="CodeSystem-provinciasCS.html"/></extension><nameUrl value="CodeSystem-provinciasCS.html"/><title value="CodeSystem Provincias"/><generation value="generated"/></page><page><extension url="http://hl7.org/fhir/tools/StructureDefinition/ig-page-name"><valueUrl value="CodeSystem-situacionesCS.html"/></extension><nameUrl value="CodeSystem-situacionesCS.html"/><title value="CodeSystem Situaciones"/><generation value="generated"/></page><page><extension url="http://hl7.org/fhir/tools/StructureDefinition/ig-page-name"><valueUrl value="CodeSystem-subIndicadorFarmaciaCS.html"/></extension><nameUrl value="CodeSystem-subIndicadorFarmaciaCS.html"/><title value="CodeSystem Subindicador Farmacia"/><generation value="generated"/></page><page><extension url="http://hl7.org/fhir/tools/StructureDefinition/ig-page-name"><valueUrl value="CodeSystem-tipoViaCS.html"/></extension><nameUrl value="CodeSystem-tipoViaCS.html"/><title value="CodeSystem Tipo de Via"/><generation value="generated"/></page><page><extension url="http://hl7.org/fhir/tools/StructureDefinition/ig-page-name"><valueUrl value="CodeSystem-titulosCS.html"/></extension><nameUrl value="CodeSystem-titulosCS.html"/><title value="CodeSystem Titulos"/><generation value="generated"/></page><page><extension url="http://hl7.org/fhir/tools/StructureDefinition/ig-page-name"><valueUrl value="CodeSystem-estadoIndefCS.html"/></extension><nameUrl value="CodeSystem-estadoIndefCS.html"/><title value="Estado comprobación Fecha Defunción"/><generation value="generated"/></page><page><extension url="http://hl7.org/fhir/tools/StructureDefinition/ig-page-name"><valueUrl value="Patient-BBBBBBBBBB000432.html"/></extension><nameUrl value="Patient-BBBBBBBBBB000432.html"/><title value="BBBBBBBBBB000432"/><generation value="generated"/></page><page><extension url="http://hl7.org/fhir/tools/StructureDefinition/ig-page-name"><valueUrl value="Patient-BBBBBBBBBB009934.html"/></extension><nameUrl value="Patient-BBBBBBBBBB009934.html"/><title value="Paciente Activo Europeo SNS"/><generation value="generated"/></page><page><extension url="http://hl7.org/fhir/tools/StructureDefinition/ig-page-name"><valueUrl value="Patient-BBBBBBBBBB009933.html"/></extension><nameUrl value="Patient-BBBBBBBBBB009933.html"/><title value="Paciente Pasivo Otros Motivos SNS"/><generation value="generated"/></page><page><extension url="http://hl7.org/fhir/tools/StructureDefinition/ig-page-name"><valueUrl value="Patient-BBBBBBBBBB009932.html"/></extension><nameUrl value="Patient-BBBBBBBBBB009932.html"/><title value="Paciente Pasivo por Defunción SNS"/><generation value="generated"/></page></page></page><parameter><code value="path-resource"/><value value="input/capabilities"/></parameter><parameter><code value="path-resource"/><value value="input/examples"/></parameter><parameter><code value="path-resource"/><value value="input/extensions"/></parameter><parameter><code value="path-resource"/><value value="input/models"/></parameter><parameter><code value="path-resource"/><value value="input/operations"/></parameter><parameter><code value="path-resource"/><value value="input/profiles"/></parameter><parameter><code value="path-resource"/><value value="input/resources"/></parameter><parameter><code value="path-resource"/><value value="input/vocabulary"/></parameter><parameter><code value="path-resource"/><value value="input/maps"/></parameter><parameter><code value="path-resource"/><value value="input/testing"/></parameter><parameter><code value="path-resource"/><value value="input/history"/></parameter><parameter><code value="path-resource"/><value value="fsh-generated/resources"/></parameter><parameter><code value="path-pages"/><value value="template/config"/></parameter><parameter><code value="path-pages"/><value value="input/images"/></parameter><parameter><code value="path-tx-cache"/><value value="input-cache/txcache"/></parameter></definition></ImplementationGuide>