<?xml version="1.0" encoding="UTF-8"?><ValueSet xmlns="http://hl7.org/fhir"><id value="situacionesVS"/><text><status value="generated"/><div xmlns="http://www.w3.org/1999/xhtml"><p class="res-header-id"><b>Generated Narrative: ValueSet situacionesVS</b></p><a name="situacionesVS"> </a><a name="hcsituacionesVS"> </a><a name="situacionesVS-en-US"> </a><ul><li>Include all codes defined in <a href="CodeSystem-situacionesCS.html"><code>http://sns.gob.es/fhir/tsi/CodeSystem/situacionesCS</code></a></li></ul></div></text><url value="http://sns.gob.es/fhir/tsi/ValueSet/situacionesVS"/><version value="1.0.0"/><name value="SituacionesVS"/><title value="ValueSet Situaciones"/><status value="draft"/><date value="2025-02-19T12:43:17+01:00"/><publisher value="SNS"/><contact><name value="SNS"/><telecom><system value="url"/><value value="https://sns.gob.es"/></telecom><telecom><system value="email"/><value value="my-group@example.com"/></telecom></contact><description value="ValueSet Situaciones"/><compose><include><system value="http://sns.gob.es/fhir/tsi/CodeSystem/situacionesCS"/></include></compose></ValueSet>