<?xml version="1.0" encoding="UTF-8"?><ValueSet xmlns="http://hl7.org/fhir"><id value="subIndicadorFarmaciaVS"/><text><status value="generated"/><div xmlns="http://www.w3.org/1999/xhtml"><p class="res-header-id"><b>Generated Narrative: ValueSet subIndicadorFarmaciaVS</b></p><a name="subIndicadorFarmaciaVS"> </a><a name="hcsubIndicadorFarmaciaVS"> </a><a name="subIndicadorFarmaciaVS-en-US"> </a><ul><li>Include all codes defined in <a href="CodeSystem-subIndicadorFarmaciaCS.html"><code>http://sns.gob.es/fhir/tsi/CodeSystem/subIndicadorFarmaciaCS</code></a></li></ul></div></text><url value="http://sns.gob.es/fhir/tsi/ValueSet/subIndicadorFarmaciaVS"/><version value="1.0.0"/><name value="SubIndicadorFarmaciaVS"/><title value="ValueSet Subindicador Farmacia"/><status value="draft"/><date value="2025-02-19T12:43:17+01:00"/><publisher value="SNS"/><contact><name value="SNS"/><telecom><system value="url"/><value value="https://sns.gob.es"/></telecom><telecom><system value="email"/><value value="my-group@example.com"/></telecom></contact><description value="ValueSet Subindicador Farmacia"/><compose><include><system value="http://sns.gob.es/fhir/tsi/CodeSystem/subIndicadorFarmaciaCS"/></include></compose></ValueSet>