<?xml version="1.0" encoding="UTF-8"?><ValueSet xmlns="http://hl7.org/fhir"><id value="comunidadesAutonomasVS"/><text><status value="generated"/><div xmlns="http://www.w3.org/1999/xhtml"><p class="res-header-id"><b>Generated Narrative: ValueSet comunidadesAutonomasVS</b></p><a name="comunidadesAutonomasVS"> </a><a name="hccomunidadesAutonomasVS"> </a><a name="comunidadesAutonomasVS-en-US"> </a><ul><li>Include all codes defined in <a href="CodeSystem-comunidadesAutonomasCS.html"><code>http://sns.gob.es/fhir/tsi/CodeSystem/comunidadesAutonomasCS</code></a></li></ul></div></text><url value="http://sns.gob.es/fhir/tsi/ValueSet/comunidadesAutonomasVS"/><version value="1.0.0"/><name value="ComunidadesAutonomasVS"/><title value="ValueSet Comunidades Autónomas"/><status value="draft"/><date value="2025-02-19T12:43:17+01:00"/><publisher value="SNS"/><contact><name value="SNS"/><telecom><system value="url"/><value value="https://sns.gob.es"/></telecom><telecom><system value="email"/><value value="my-group@example.com"/></telecom></contact><description value="ValueSet Comunidades Autónomas"/><compose><include><system value="http://sns.gob.es/fhir/tsi/CodeSystem/comunidadesAutonomasCS"/></include></compose></ValueSet>