<?xml version="1.0" encoding="UTF-8"?><ValueSet xmlns="http://hl7.org/fhir"><id value="provinciasVS"/><text><status value="generated"/><div xmlns="http://www.w3.org/1999/xhtml"><p class="res-header-id"><b>Generated Narrative: ValueSet provinciasVS</b></p><a name="provinciasVS"> </a><a name="hcprovinciasVS"> </a><a name="provinciasVS-en-US"> </a><ul><li>Include all codes defined in <a href="CodeSystem-provinciasCS.html"><code>http://sns.gob.es/fhir/tsi/CodeSystem/provinciasCS</code></a></li></ul></div></text><url value="http://sns.gob.es/fhir/tsi/ValueSet/provinciasVS"/><version value="1.0.0"/><name value="ProvinciasVS"/><title value="ValueSet Provincias"/><status value="draft"/><date value="2025-02-19T12:43:17+01:00"/><publisher value="SNS"/><contact><name value="SNS"/><telecom><system value="url"/><value value="https://sns.gob.es"/></telecom><telecom><system value="email"/><value value="my-group@example.com"/></telecom></contact><description value="ValueSet Provincias"/><compose><include><system value="http://sns.gob.es/fhir/tsi/CodeSystem/provinciasCS"/></include></compose></ValueSet>