{
  "resourceType" : "Bundle",
  "id" : "cb958ed8-a0ae-4e29-a044-9c35449c26fd",
  "meta" : {
    "lastUpdated" : "2025-02-19T12:43:17.497+01:00"
  },
  "type" : "collection",
  "entry" : [{
    "fullUrl" : "http://sns.gob.es/fhir/tsi/ValueSet/aseguradorasVS",
    "resource" : {
      "resourceType" : "ValueSet",
      "text" : {
        "status" : "generated",
        "div" : "<div xmlns=\"http://www.w3.org/1999/xhtml\"><p class=\"res-header-id\"><b>Generated Narrative: ValueSet </b></p><p style=\"border: black 1px dotted; background-color: #EEEEEE; padding: 8px; margin-bottom: 8px\">Expansion done internally based on <a href=\"CodeSystem-aseguradorasCS.html\">codesystem CodeSystem Aseguradoras v1.0.0 (CodeSystem)</a></p><p>This value set contains 1 concepts</p><table class=\"codes\"><tr><td style=\"white-space:nowrap\"><b>Code</b></td><td><b>System</b></td><td><b>Display</b></td></tr><tr><td style=\"white-space:nowrap\"><a name=\"x-http://sns.gob.es/fhir/tsi/CodeSystem/aseguradorasCS-3\"> </a>\u00a0\u00a0<a href=\"CodeSystem-aseguradorasCS.html#aseguradorasCS-3\">3</a></td><td>http://sns.gob.es/fhir/tsi/CodeSystem/aseguradorasCS</td><td>MUFACE</td></tr></table></div>"
      },
      "url" : "http://sns.gob.es/fhir/tsi/ValueSet/aseguradorasVS",
      "version" : "1.0.0",
      "name" : "AseguradorasVS",
      "title" : "ValueSet Aseguradoras",
      "status" : "draft",
      "date" : "2025-02-19T12:43:17+01:00",
      "expansion" : {
        "identifier" : "urn:uuid:6e2b5b58-4cee-4737-8616-eb9675b1f9bc",
        "timestamp" : "2025-02-19T12:45:28+01:00",
        "total" : 1,
        "offset" : 0,
        "parameter" : [{
          "name" : "count",
          "valueInteger" : 1000
        },
        {
          "name" : "offset",
          "valueInteger" : 0
        },
        {
          "name" : "excludeNested",
          "valueBoolean" : false
        },
        {
          "name" : "used-codesystem",
          "valueUri" : "http://sns.gob.es/fhir/tsi/CodeSystem/aseguradorasCS|1.0.0"
        }],
        "contains" : [{
          "system" : "http://sns.gob.es/fhir/tsi/CodeSystem/aseguradorasCS",
          "code" : "3",
          "display" : "MUFACE"
        }]
      }
    }
  },
  {
    "fullUrl" : "http://sns.gob.es/fhir/tsi/ValueSet/colaboradorasVS",
    "resource" : {
      "resourceType" : "ValueSet",
      "text" : {
        "status" : "generated",
        "div" : "<div xmlns=\"http://www.w3.org/1999/xhtml\"><p class=\"res-header-id\"><b>Generated Narrative: ValueSet </b></p><p style=\"border: black 1px dotted; background-color: #EEEEEE; padding: 8px; margin-bottom: 8px\">Expansion done internally based on <a href=\"CodeSystem-colaboradorasCS.html\">codesystem CodeSystem Colaboradoras v1.0.0 (CodeSystem)</a></p><p>This value set contains 1 concepts</p><table class=\"codes\"><tr><td style=\"white-space:nowrap\"><b>Code</b></td><td><b>System</b></td><td><b>Display</b></td></tr><tr><td style=\"white-space:nowrap\"><a name=\"x-http://sns.gob.es/fhir/tsi/CodeSystem/colaboradorasCS-478\"> </a>\u00a0\u00a0<a href=\"CodeSystem-colaboradorasCS.html#colaboradorasCS-478\">478</a></td><td>http://sns.gob.es/fhir/tsi/CodeSystem/colaboradorasCS</td><td>COMUNIDAD DE MADRID</td></tr></table></div>"
      },
      "url" : "http://sns.gob.es/fhir/tsi/ValueSet/colaboradorasVS",
      "version" : "1.0.0",
      "name" : "ColaboradorasVS",
      "title" : "ValueSet Colaboradoras",
      "status" : "draft",
      "date" : "2025-02-19T12:43:17+01:00",
      "expansion" : {
        "identifier" : "urn:uuid:b4c311d3-efa7-4c24-a4e8-792e51180b95",
        "timestamp" : "2025-02-19T12:45:28+01:00",
        "total" : 1,
        "offset" : 0,
        "parameter" : [{
          "name" : "count",
          "valueInteger" : 1000
        },
        {
          "name" : "offset",
          "valueInteger" : 0
        },
        {
          "name" : "excludeNested",
          "valueBoolean" : false
        },
        {
          "name" : "used-codesystem",
          "valueUri" : "http://sns.gob.es/fhir/tsi/CodeSystem/colaboradorasCS|1.0.0"
        }],
        "contains" : [{
          "system" : "http://sns.gob.es/fhir/tsi/CodeSystem/colaboradorasCS",
          "code" : "478",
          "display" : "COMUNIDAD DE MADRID"
        }]
      }
    }
  },
  {
    "fullUrl" : "http://sns.gob.es/fhir/tsi/ValueSet/comunidadesAutonomasVS",
    "resource" : {
      "resourceType" : "ValueSet",
      "text" : {
        "status" : "generated",
        "div" : "<div xmlns=\"http://www.w3.org/1999/xhtml\"><p class=\"res-header-id\"><b>Generated Narrative: ValueSet </b></p><p style=\"border: black 1px dotted; background-color: #EEEEEE; padding: 8px; margin-bottom: 8px\">Expansion done internally based on <a href=\"CodeSystem-comunidadesAutonomasCS.html\">codesystem CodeSystem Comunidades Autónomas v1.0.0 (CodeSystem)</a></p><p>This value set contains 1 concepts</p><table class=\"codes\"><tr><td style=\"white-space:nowrap\"><b>Code</b></td><td><b>System</b></td><td><b>Display</b></td></tr><tr><td style=\"white-space:nowrap\"><a name=\"x-http://sns.gob.es/fhir/tsi/CodeSystem/comunidadesAutonomasCS-9\"> </a>\u00a0\u00a0<a href=\"CodeSystem-comunidadesAutonomasCS.html#comunidadesAutonomasCS-9\">9</a></td><td>http://sns.gob.es/fhir/tsi/CodeSystem/comunidadesAutonomasCS</td><td>Cataluña</td></tr></table></div>"
      },
      "url" : "http://sns.gob.es/fhir/tsi/ValueSet/comunidadesAutonomasVS",
      "version" : "1.0.0",
      "name" : "ComunidadesAutonomasVS",
      "title" : "ValueSet Comunidades Autónomas",
      "status" : "draft",
      "date" : "2025-02-19T12:43:17+01:00",
      "expansion" : {
        "identifier" : "urn:uuid:99d42e1d-de53-46c3-81b7-fcea8cec0347",
        "timestamp" : "2025-02-19T12:45:28+01:00",
        "total" : 1,
        "offset" : 0,
        "parameter" : [{
          "name" : "count",
          "valueInteger" : 1000
        },
        {
          "name" : "offset",
          "valueInteger" : 0
        },
        {
          "name" : "excludeNested",
          "valueBoolean" : false
        },
        {
          "name" : "used-codesystem",
          "valueUri" : "http://sns.gob.es/fhir/tsi/CodeSystem/comunidadesAutonomasCS|1.0.0"
        }],
        "contains" : [{
          "system" : "http://sns.gob.es/fhir/tsi/CodeSystem/comunidadesAutonomasCS",
          "code" : "9",
          "display" : "Cataluña"
        }]
      }
    }
  },
  {
    "fullUrl" : "http://sns.gob.es/fhir/tsi/ValueSet/estadoIndefVS",
    "resource" : {
      "resourceType" : "ValueSet",
      "text" : {
        "status" : "generated",
        "div" : "<div xmlns=\"http://www.w3.org/1999/xhtml\"><p class=\"res-header-id\"><b>Generated Narrative: ValueSet </b></p><p style=\"border: black 1px dotted; background-color: #EEEEEE; padding: 8px; margin-bottom: 8px\">Expansion done internally based on <a href=\"CodeSystem-estadoIndefCS.html\">codesystem Estado comprobación Fecha Defunción v1.0.0 (CodeSystem)</a></p><p>This value set contains 5 concepts</p><table class=\"codes\"><tr><td style=\"white-space:nowrap\"><b>Code</b></td><td><b>System</b></td><td><b>Display</b></td></tr><tr><td style=\"white-space:nowrap\"><a name=\"x-http://sns.gob.es/fhir/tsi/CodeSystem/estadoIndefCS-0\"> </a>\u00a0\u00a0<a href=\"CodeSystem-estadoIndefCS.html#estadoIndefCS-0\">0</a></td><td>http://sns.gob.es/fhir/tsi/CodeSystem/estadoIndefCS</td><td>Sin validar</td></tr><tr><td style=\"white-space:nowrap\"><a name=\"x-http://sns.gob.es/fhir/tsi/CodeSystem/estadoIndefCS-1\"> </a>\u00a0\u00a0<a href=\"CodeSystem-estadoIndefCS.html#estadoIndefCS-1\">1</a></td><td>http://sns.gob.es/fhir/tsi/CodeSystem/estadoIndefCS</td><td>Pendiente validación manual</td></tr><tr><td style=\"white-space:nowrap\"><a name=\"x-http://sns.gob.es/fhir/tsi/CodeSystem/estadoIndefCS-2\"> </a>\u00a0\u00a0<a href=\"CodeSystem-estadoIndefCS.html#estadoIndefCS-2\">2</a></td><td>http://sns.gob.es/fhir/tsi/CodeSystem/estadoIndefCS</td><td>Validado manual</td></tr><tr><td style=\"white-space:nowrap\"><a name=\"x-http://sns.gob.es/fhir/tsi/CodeSystem/estadoIndefCS-3\"> </a>\u00a0\u00a0<a href=\"CodeSystem-estadoIndefCS.html#estadoIndefCS-3\">3</a></td><td>http://sns.gob.es/fhir/tsi/CodeSystem/estadoIndefCS</td><td>Validado automático</td></tr><tr><td style=\"white-space:nowrap\"><a name=\"x-http://sns.gob.es/fhir/tsi/CodeSystem/estadoIndefCS-4\"> </a>\u00a0\u00a0<a href=\"CodeSystem-estadoIndefCS.html#estadoIndefCS-4\">4</a></td><td>http://sns.gob.es/fhir/tsi/CodeSystem/estadoIndefCS</td><td>No validable</td></tr></table></div>"
      },
      "url" : "http://sns.gob.es/fhir/tsi/ValueSet/estadoIndefVS",
      "version" : "1.0.0",
      "name" : "EstadoIndefVS",
      "title" : "ValueSet comprobación Fecha Defunción",
      "status" : "draft",
      "date" : "2025-02-19T12:43:17+01:00",
      "expansion" : {
        "identifier" : "urn:uuid:99f87bba-d452-434d-b2cf-b0923d436e47",
        "timestamp" : "2025-02-19T12:45:28+01:00",
        "total" : 5,
        "offset" : 0,
        "parameter" : [{
          "name" : "count",
          "valueInteger" : 1000
        },
        {
          "name" : "offset",
          "valueInteger" : 0
        },
        {
          "name" : "excludeNested",
          "valueBoolean" : false
        },
        {
          "name" : "used-codesystem",
          "valueUri" : "http://sns.gob.es/fhir/tsi/CodeSystem/estadoIndefCS|1.0.0"
        }],
        "contains" : [{
          "system" : "http://sns.gob.es/fhir/tsi/CodeSystem/estadoIndefCS",
          "code" : "0",
          "display" : "Sin validar"
        },
        {
          "system" : "http://sns.gob.es/fhir/tsi/CodeSystem/estadoIndefCS",
          "code" : "1",
          "display" : "Pendiente validación manual"
        },
        {
          "system" : "http://sns.gob.es/fhir/tsi/CodeSystem/estadoIndefCS",
          "code" : "2",
          "display" : "Validado manual"
        },
        {
          "system" : "http://sns.gob.es/fhir/tsi/CodeSystem/estadoIndefCS",
          "code" : "3",
          "display" : "Validado automático"
        },
        {
          "system" : "http://sns.gob.es/fhir/tsi/CodeSystem/estadoIndefCS",
          "code" : "4",
          "display" : "No validable"
        }]
      }
    }
  },
  {
    "fullUrl" : "http://sns.gob.es/fhir/tsi/ValueSet/estadosVS",
    "resource" : {
      "resourceType" : "ValueSet",
      "text" : {
        "status" : "generated",
        "div" : "<div xmlns=\"http://www.w3.org/1999/xhtml\"><p class=\"res-header-id\"><b>Generated Narrative: ValueSet </b></p><p style=\"border: black 1px dotted; background-color: #EEEEEE; padding: 8px; margin-bottom: 8px\">Expansion done internally based on <a href=\"CodeSystem-estadosCS.html\">codesystem CodeSystem Estado Paciente v1.0.0 (CodeSystem)</a></p><p>This value set contains 2 concepts</p><table class=\"codes\"><tr><td style=\"white-space:nowrap\"><b>Code</b></td><td><b>System</b></td><td><b>Display</b></td></tr><tr><td style=\"white-space:nowrap\"><a name=\"x-http://sns.gob.es/fhir/tsi/CodeSystem/estadosCS-1\"> </a>\u00a0\u00a0<a href=\"CodeSystem-estadosCS.html#estadosCS-1\">1</a></td><td>http://sns.gob.es/fhir/tsi/CodeSystem/estadosCS</td><td>BAJA EN SERVICIO DE SALUD</td></tr><tr><td style=\"white-space:nowrap\"><a name=\"x-http://sns.gob.es/fhir/tsi/CodeSystem/estadosCS-2\"> </a>\u00a0\u00a0<a href=\"CodeSystem-estadosCS.html#estadosCS-2\">2</a></td><td>http://sns.gob.es/fhir/tsi/CodeSystem/estadosCS</td><td>BAJA POR DEFUNCION</td></tr></table></div>"
      },
      "url" : "http://sns.gob.es/fhir/tsi/ValueSet/estadosVS",
      "version" : "1.0.0",
      "name" : "EstadosVS",
      "title" : "ValueSet Estado Paciente",
      "status" : "draft",
      "date" : "2025-02-19T12:43:17+01:00",
      "expansion" : {
        "identifier" : "urn:uuid:43c2acf4-2c18-4f4e-b98c-f6a5ecfcfd08",
        "timestamp" : "2025-02-19T12:45:28+01:00",
        "total" : 2,
        "offset" : 0,
        "parameter" : [{
          "name" : "count",
          "valueInteger" : 1000
        },
        {
          "name" : "offset",
          "valueInteger" : 0
        },
        {
          "name" : "excludeNested",
          "valueBoolean" : false
        },
        {
          "name" : "used-codesystem",
          "valueUri" : "http://sns.gob.es/fhir/tsi/CodeSystem/estadosCS|1.0.0"
        }],
        "contains" : [{
          "system" : "http://sns.gob.es/fhir/tsi/CodeSystem/estadosCS",
          "code" : "1",
          "display" : "BAJA EN SERVICIO DE SALUD"
        },
        {
          "system" : "http://sns.gob.es/fhir/tsi/CodeSystem/estadosCS",
          "code" : "2",
          "display" : "BAJA POR DEFUNCION"
        }]
      }
    }
  },
  {
    "fullUrl" : "http://sns.gob.es/fhir/tsi/ValueSet/gestorasVS",
    "resource" : {
      "resourceType" : "ValueSet",
      "text" : {
        "status" : "generated",
        "div" : "<div xmlns=\"http://www.w3.org/1999/xhtml\"><p class=\"res-header-id\"><b>Generated Narrative: ValueSet </b></p><p style=\"border: black 1px dotted; background-color: #EEEEEE; padding: 8px; margin-bottom: 8px\">Expansion done internally based on <a href=\"CodeSystem-gestorasCS.html\">codesystem CodeSystem Gestoras v1.0.0 (CodeSystem)</a></p><p>This value set contains 1 concepts</p><table class=\"codes\"><tr><td style=\"white-space:nowrap\"><b>Code</b></td><td><b>System</b></td><td><b>Display</b></td></tr><tr><td style=\"white-space:nowrap\"><a name=\"x-http://sns.gob.es/fhir/tsi/CodeSystem/gestorasCS-9\"> </a>\u00a0\u00a0<a href=\"CodeSystem-gestorasCS.html#gestorasCS-9\">9</a></td><td>http://sns.gob.es/fhir/tsi/CodeSystem/gestorasCS</td><td>MUFACE</td></tr></table></div>"
      },
      "url" : "http://sns.gob.es/fhir/tsi/ValueSet/gestorasVS",
      "version" : "1.0.0",
      "name" : "GestorasVS",
      "title" : "ValueSet Gestoras",
      "status" : "draft",
      "date" : "2025-02-19T12:43:17+01:00",
      "expansion" : {
        "identifier" : "urn:uuid:6f38f260-79f3-4eaa-bb02-a9e2032b5112",
        "timestamp" : "2025-02-19T12:45:29+01:00",
        "total" : 1,
        "offset" : 0,
        "parameter" : [{
          "name" : "count",
          "valueInteger" : 1000
        },
        {
          "name" : "offset",
          "valueInteger" : 0
        },
        {
          "name" : "excludeNested",
          "valueBoolean" : false
        },
        {
          "name" : "used-codesystem",
          "valueUri" : "http://sns.gob.es/fhir/tsi/CodeSystem/gestorasCS|1.0.0"
        }],
        "contains" : [{
          "system" : "http://sns.gob.es/fhir/tsi/CodeSystem/gestorasCS",
          "code" : "9",
          "display" : "MUFACE"
        }]
      }
    }
  },
  {
    "fullUrl" : "http://sns.gob.es/fhir/tsi/ValueSet/indicadorFarmaciaVS",
    "resource" : {
      "resourceType" : "ValueSet",
      "text" : {
        "status" : "generated",
        "div" : "<div xmlns=\"http://www.w3.org/1999/xhtml\"><p class=\"res-header-id\"><b>Generated Narrative: ValueSet </b></p><p style=\"border: black 1px dotted; background-color: #EEEEEE; padding: 8px; margin-bottom: 8px\">Expansion done internally based on <a href=\"CodeSystem-indicadorFarmaciaCS.html\">codesystem CodeSystem Indicador Farmacia v1.0.0 (CodeSystem)</a></p><p>This value set contains 9 concepts</p><table class=\"codes\"><tr><td style=\"white-space:nowrap\"><b>Code</b></td><td><b>System</b></td><td><b>Display</b></td></tr><tr><td style=\"white-space:nowrap\"><a name=\"x-http://sns.gob.es/fhir/tsi/CodeSystem/indicadorFarmaciaCS-TSI_001\"> </a>\u00a0\u00a0<a href=\"CodeSystem-indicadorFarmaciaCS.html#indicadorFarmaciaCS-TSI_001\">TSI_001</a></td><td>http://sns.gob.es/fhir/tsi/CodeSystem/indicadorFarmaciaCS</td><td>Exentos de aportación</td></tr><tr><td style=\"white-space:nowrap\"><a name=\"x-http://sns.gob.es/fhir/tsi/CodeSystem/indicadorFarmaciaCS-TSI_002\"> </a>\u00a0\u00a0<a href=\"CodeSystem-indicadorFarmaciaCS.html#indicadorFarmaciaCS-TSI_002\">TSI_002</a></td><td>http://sns.gob.es/fhir/tsi/CodeSystem/indicadorFarmaciaCS</td><td>Aportación de un 10%</td></tr><tr><td style=\"white-space:nowrap\"><a name=\"x-http://sns.gob.es/fhir/tsi/CodeSystem/indicadorFarmaciaCS-TSI_003\"> </a>\u00a0\u00a0<a href=\"CodeSystem-indicadorFarmaciaCS.html#indicadorFarmaciaCS-TSI_003\">TSI_003</a></td><td>http://sns.gob.es/fhir/tsi/CodeSystem/indicadorFarmaciaCS</td><td>Aportación de un 40%</td></tr><tr><td style=\"white-space:nowrap\"><a name=\"x-http://sns.gob.es/fhir/tsi/CodeSystem/indicadorFarmaciaCS-TSI_004\"> </a>\u00a0\u00a0<a href=\"CodeSystem-indicadorFarmaciaCS.html#indicadorFarmaciaCS-TSI_004\">TSI_004</a></td><td>http://sns.gob.es/fhir/tsi/CodeSystem/indicadorFarmaciaCS</td><td>Aportación de un 50%</td></tr><tr><td style=\"white-space:nowrap\"><a name=\"x-http://sns.gob.es/fhir/tsi/CodeSystem/indicadorFarmaciaCS-TSI_005\"> </a>\u00a0\u00a0<a href=\"CodeSystem-indicadorFarmaciaCS.html#indicadorFarmaciaCS-TSI_005\">TSI_005</a></td><td>http://sns.gob.es/fhir/tsi/CodeSystem/indicadorFarmaciaCS</td><td>Aportación de un 60%</td></tr><tr><td style=\"white-space:nowrap\"><a name=\"x-http://sns.gob.es/fhir/tsi/CodeSystem/indicadorFarmaciaCS-TSI_006\"> </a>\u00a0\u00a0<a href=\"CodeSystem-indicadorFarmaciaCS.html#indicadorFarmaciaCS-TSI_006\">TSI_006</a></td><td>http://sns.gob.es/fhir/tsi/CodeSystem/indicadorFarmaciaCS</td><td>Excluidos de farmacia (MUFACE, MUGEJU, ISFAS) farmacia mutualidades</td></tr><tr><td style=\"white-space:nowrap\"><a name=\"x-http://sns.gob.es/fhir/tsi/CodeSystem/indicadorFarmaciaCS-F_003\"> </a>\u00a0\u00a0<a href=\"CodeSystem-indicadorFarmaciaCS.html#indicadorFarmaciaCS-F_003\">F_003</a></td><td>http://sns.gob.es/fhir/tsi/CodeSystem/indicadorFarmaciaCS</td><td>NA Aportación de un 40%</td></tr><tr><td style=\"white-space:nowrap\"><a name=\"x-http://sns.gob.es/fhir/tsi/CodeSystem/indicadorFarmaciaCS-F_004\"> </a>\u00a0\u00a0<a href=\"CodeSystem-indicadorFarmaciaCS.html#indicadorFarmaciaCS-F_004\">F_004</a></td><td>http://sns.gob.es/fhir/tsi/CodeSystem/indicadorFarmaciaCS</td><td>NA Aportación de un 50%</td></tr><tr><td style=\"white-space:nowrap\"><a name=\"x-http://sns.gob.es/fhir/tsi/CodeSystem/indicadorFarmaciaCS-NOFAR\"> </a>\u00a0\u00a0<a href=\"CodeSystem-indicadorFarmaciaCS.html#indicadorFarmaciaCS-NOFAR\">NOFAR</a></td><td>http://sns.gob.es/fhir/tsi/CodeSystem/indicadorFarmaciaCS</td><td>NA Aportacion de un 100%</td></tr></table></div>"
      },
      "url" : "http://sns.gob.es/fhir/tsi/ValueSet/indicadorFarmaciaVS",
      "version" : "1.0.0",
      "name" : "IndicadorFarmaciaVS",
      "title" : "Indicador Farmacia ValueSet",
      "status" : "draft",
      "date" : "2025-02-19T12:43:17+01:00",
      "expansion" : {
        "identifier" : "urn:uuid:3e876bbd-54ce-49bf-8c11-15b200b9311a",
        "timestamp" : "2025-02-19T12:45:29+01:00",
        "total" : 9,
        "offset" : 0,
        "parameter" : [{
          "name" : "count",
          "valueInteger" : 1000
        },
        {
          "name" : "offset",
          "valueInteger" : 0
        },
        {
          "name" : "excludeNested",
          "valueBoolean" : false
        },
        {
          "name" : "used-codesystem",
          "valueUri" : "http://sns.gob.es/fhir/tsi/CodeSystem/indicadorFarmaciaCS|1.0.0"
        }],
        "contains" : [{
          "system" : "http://sns.gob.es/fhir/tsi/CodeSystem/indicadorFarmaciaCS",
          "code" : "TSI_001",
          "display" : "Exentos de aportación"
        },
        {
          "system" : "http://sns.gob.es/fhir/tsi/CodeSystem/indicadorFarmaciaCS",
          "code" : "TSI_002",
          "display" : "Aportación de un 10%"
        },
        {
          "system" : "http://sns.gob.es/fhir/tsi/CodeSystem/indicadorFarmaciaCS",
          "code" : "TSI_003",
          "display" : "Aportación de un 40%"
        },
        {
          "system" : "http://sns.gob.es/fhir/tsi/CodeSystem/indicadorFarmaciaCS",
          "code" : "TSI_004",
          "display" : "Aportación de un 50%"
        },
        {
          "system" : "http://sns.gob.es/fhir/tsi/CodeSystem/indicadorFarmaciaCS",
          "code" : "TSI_005",
          "display" : "Aportación de un 60%"
        },
        {
          "system" : "http://sns.gob.es/fhir/tsi/CodeSystem/indicadorFarmaciaCS",
          "code" : "TSI_006",
          "display" : "Excluidos de farmacia (MUFACE, MUGEJU, ISFAS) farmacia mutualidades"
        },
        {
          "system" : "http://sns.gob.es/fhir/tsi/CodeSystem/indicadorFarmaciaCS",
          "code" : "F_003",
          "display" : "NA Aportación de un 40%"
        },
        {
          "system" : "http://sns.gob.es/fhir/tsi/CodeSystem/indicadorFarmaciaCS",
          "code" : "F_004",
          "display" : "NA Aportación de un 50%"
        },
        {
          "system" : "http://sns.gob.es/fhir/tsi/CodeSystem/indicadorFarmaciaCS",
          "code" : "NOFAR",
          "display" : "NA Aportacion de un 100%"
        }]
      }
    }
  },
  {
    "fullUrl" : "http://sns.gob.es/fhir/tsi/ValueSet/municipiosVS",
    "resource" : {
      "resourceType" : "ValueSet",
      "text" : {
        "status" : "generated",
        "div" : "<div xmlns=\"http://www.w3.org/1999/xhtml\"><p class=\"res-header-id\"><b>Generated Narrative: ValueSet </b></p><p style=\"border: black 1px dotted; background-color: #EEEEEE; padding: 8px; margin-bottom: 8px\">Expansion done internally based on <a href=\"CodeSystem-municipiosCS.html\">codesystem CodeSystem Municipios v1.0.0 (CodeSystem)</a></p><p>This value set contains 1 concepts</p><table class=\"codes\"><tr><td style=\"white-space:nowrap\"><b>Code</b></td><td><b>System</b></td><td><b>Display</b></td></tr><tr><td style=\"white-space:nowrap\"><a name=\"x-http://sns.gob.es/fhir/tsi/CodeSystem/municipiosCS-2003000200\"> </a>\u00a0\u00a0<a href=\"CodeSystem-municipiosCS.html#municipiosCS-2003000200\">2003000200</a></td><td>http://sns.gob.es/fhir/tsi/CodeSystem/municipiosCS</td><td>ALBACETE</td></tr></table></div>"
      },
      "url" : "http://sns.gob.es/fhir/tsi/ValueSet/municipiosVS",
      "version" : "1.0.0",
      "name" : "MunicipiosVS",
      "title" : "ValueSet Municipios",
      "status" : "draft",
      "date" : "2025-02-19T12:43:17+01:00",
      "expansion" : {
        "identifier" : "urn:uuid:ac28cbdd-c3a4-46fe-852b-f439013c2b0a",
        "timestamp" : "2025-02-19T12:45:29+01:00",
        "total" : 1,
        "offset" : 0,
        "parameter" : [{
          "name" : "count",
          "valueInteger" : 1000
        },
        {
          "name" : "offset",
          "valueInteger" : 0
        },
        {
          "name" : "excludeNested",
          "valueBoolean" : false
        },
        {
          "name" : "used-codesystem",
          "valueUri" : "http://sns.gob.es/fhir/tsi/CodeSystem/municipiosCS|1.0.0"
        }],
        "contains" : [{
          "system" : "http://sns.gob.es/fhir/tsi/CodeSystem/municipiosCS",
          "code" : "2003000200",
          "display" : "ALBACETE"
        }]
      }
    }
  },
  {
    "fullUrl" : "http://sns.gob.es/fhir/tsi/ValueSet/nacionalidadesVS",
    "resource" : {
      "resourceType" : "ValueSet",
      "text" : {
        "status" : "generated",
        "div" : "<div xmlns=\"http://www.w3.org/1999/xhtml\"><p class=\"res-header-id\"><b>Generated Narrative: ValueSet </b></p><p style=\"border: black 1px dotted; background-color: #EEEEEE; padding: 8px; margin-bottom: 8px\">Expansion done internally based on <a href=\"CodeSystem-nacionalidadesCS.html\">codesystem CodeSystem Nacionalidades v1.0.0 (CodeSystem)</a></p><p>This value set contains 1 concepts</p><table class=\"codes\"><tr><td style=\"white-space:nowrap\"><b>Code</b></td><td><b>System</b></td><td><b>Display</b></td></tr><tr><td style=\"white-space:nowrap\"><a name=\"x-http://sns.gob.es/fhir/tsi/CodeSystem/nacionalidadesCS-724\"> </a>\u00a0\u00a0<a href=\"CodeSystem-nacionalidadesCS.html#nacionalidadesCS-724\">724</a></td><td>http://sns.gob.es/fhir/tsi/CodeSystem/nacionalidadesCS</td><td>ESPAÑA</td></tr></table></div>"
      },
      "url" : "http://sns.gob.es/fhir/tsi/ValueSet/nacionalidadesVS",
      "version" : "1.0.0",
      "name" : "NacionalidadesVS",
      "title" : "ValueSet Nacionalidades",
      "status" : "draft",
      "date" : "2025-02-19T12:43:17+01:00",
      "expansion" : {
        "identifier" : "urn:uuid:07c173dc-5644-4757-9aed-664ce7484673",
        "timestamp" : "2025-02-19T12:45:29+01:00",
        "total" : 1,
        "offset" : 0,
        "parameter" : [{
          "name" : "count",
          "valueInteger" : 1000
        },
        {
          "name" : "offset",
          "valueInteger" : 0
        },
        {
          "name" : "excludeNested",
          "valueBoolean" : false
        },
        {
          "name" : "used-codesystem",
          "valueUri" : "http://sns.gob.es/fhir/tsi/CodeSystem/nacionalidadesCS|1.0.0"
        }],
        "contains" : [{
          "system" : "http://sns.gob.es/fhir/tsi/CodeSystem/nacionalidadesCS",
          "code" : "724",
          "display" : "ESPAÑA"
        }]
      }
    }
  },
  {
    "fullUrl" : "http://sns.gob.es/fhir/tsi/ValueSet/paisesVS",
    "resource" : {
      "resourceType" : "ValueSet",
      "text" : {
        "status" : "generated",
        "div" : "<div xmlns=\"http://www.w3.org/1999/xhtml\"><p class=\"res-header-id\"><b>Generated Narrative: ValueSet </b></p><p style=\"border: black 1px dotted; background-color: #EEEEEE; padding: 8px; margin-bottom: 8px\">Expansion done internally based on <a href=\"CodeSystem-paisesCS.html\">codesystem CodeSystem Paises v1.0.0 (CodeSystem)</a></p><p>This value set contains 1 concepts</p><table class=\"codes\"><tr><td style=\"white-space:nowrap\"><b>Code</b></td><td><b>System</b></td><td><b>Display</b></td></tr><tr><td style=\"white-space:nowrap\"><a name=\"x-http://sns.gob.es/fhir/tsi/CodeSystem/paisesCS-724\"> </a>\u00a0\u00a0<a href=\"CodeSystem-paisesCS.html#paisesCS-724\">724</a></td><td>http://sns.gob.es/fhir/tsi/CodeSystem/paisesCS</td><td>ESPAÑA</td></tr></table></div>"
      },
      "url" : "http://sns.gob.es/fhir/tsi/ValueSet/paisesVS",
      "version" : "1.0.0",
      "name" : "PaisesVS",
      "title" : "ValueSet Paises",
      "status" : "draft",
      "date" : "2025-02-19T12:43:17+01:00",
      "expansion" : {
        "identifier" : "urn:uuid:66d22921-4463-4f62-8637-07aca099ef59",
        "timestamp" : "2025-02-19T12:45:29+01:00",
        "total" : 1,
        "offset" : 0,
        "parameter" : [{
          "name" : "count",
          "valueInteger" : 1000
        },
        {
          "name" : "offset",
          "valueInteger" : 0
        },
        {
          "name" : "excludeNested",
          "valueBoolean" : false
        },
        {
          "name" : "used-codesystem",
          "valueUri" : "http://sns.gob.es/fhir/tsi/CodeSystem/paisesCS|1.0.0"
        }],
        "contains" : [{
          "system" : "http://sns.gob.es/fhir/tsi/CodeSystem/paisesCS",
          "code" : "724",
          "display" : "ESPAÑA"
        }]
      }
    }
  },
  {
    "fullUrl" : "http://sns.gob.es/fhir/tsi/ValueSet/proveedoresVS",
    "resource" : {
      "resourceType" : "ValueSet",
      "text" : {
        "status" : "generated",
        "div" : "<div xmlns=\"http://www.w3.org/1999/xhtml\"><p class=\"res-header-id\"><b>Generated Narrative: ValueSet </b></p><p style=\"border: black 1px dotted; background-color: #EEEEEE; padding: 8px; margin-bottom: 8px\">Expansion done internally based on <a href=\"CodeSystem-proveedoresCS.html\">codesystem CodeSystem Proveedores v1.0.0 (CodeSystem)</a></p><p>This value set contains 1 concepts</p><table class=\"codes\"><tr><td style=\"white-space:nowrap\"><b>Code</b></td><td><b>System</b></td><td><b>Display</b></td></tr><tr><td style=\"white-space:nowrap\"><a name=\"x-http://sns.gob.es/fhir/tsi/CodeSystem/proveedoresCS-20\"> </a>\u00a0\u00a0<a href=\"CodeSystem-proveedoresCS.html#proveedoresCS-20\">20</a></td><td>http://sns.gob.es/fhir/tsi/CodeSystem/proveedoresCS</td><td>DKV SEGUROS</td></tr></table></div>"
      },
      "url" : "http://sns.gob.es/fhir/tsi/ValueSet/proveedoresVS",
      "version" : "1.0.0",
      "name" : "ProveedoresVS",
      "title" : "ValueSet Proveedores",
      "status" : "draft",
      "date" : "2025-02-19T12:43:17+01:00",
      "expansion" : {
        "identifier" : "urn:uuid:f529723e-68de-4e4f-87f4-61bcc23157c3",
        "timestamp" : "2025-02-19T12:45:29+01:00",
        "total" : 1,
        "offset" : 0,
        "parameter" : [{
          "name" : "count",
          "valueInteger" : 1000
        },
        {
          "name" : "offset",
          "valueInteger" : 0
        },
        {
          "name" : "excludeNested",
          "valueBoolean" : false
        },
        {
          "name" : "used-codesystem",
          "valueUri" : "http://sns.gob.es/fhir/tsi/CodeSystem/proveedoresCS|1.0.0"
        }],
        "contains" : [{
          "system" : "http://sns.gob.es/fhir/tsi/CodeSystem/proveedoresCS",
          "code" : "20",
          "display" : "DKV SEGUROS"
        }]
      }
    }
  },
  {
    "fullUrl" : "http://sns.gob.es/fhir/tsi/ValueSet/provinciasVS",
    "resource" : {
      "resourceType" : "ValueSet",
      "text" : {
        "status" : "generated",
        "div" : "<div xmlns=\"http://www.w3.org/1999/xhtml\"><p class=\"res-header-id\"><b>Generated Narrative: ValueSet </b></p><p style=\"border: black 1px dotted; background-color: #EEEEEE; padding: 8px; margin-bottom: 8px\">Expansion done internally based on <a href=\"CodeSystem-provinciasCS.html\">codesystem CodeSystem Provincias v1.0.0 (CodeSystem)</a></p><p>This value set contains 1 concepts</p><table class=\"codes\"><tr><td style=\"white-space:nowrap\"><b>Code</b></td><td><b>System</b></td><td><b>Display</b></td></tr><tr><td style=\"white-space:nowrap\"><a name=\"x-http://sns.gob.es/fhir/tsi/CodeSystem/provinciasCS-2\"> </a>\u00a0\u00a0<a href=\"CodeSystem-provinciasCS.html#provinciasCS-2\">2</a></td><td>http://sns.gob.es/fhir/tsi/CodeSystem/provinciasCS</td><td>ALBACETE</td></tr></table></div>"
      },
      "url" : "http://sns.gob.es/fhir/tsi/ValueSet/provinciasVS",
      "version" : "1.0.0",
      "name" : "ProvinciasVS",
      "title" : "ValueSet Provincias",
      "status" : "draft",
      "date" : "2025-02-19T12:43:17+01:00",
      "expansion" : {
        "identifier" : "urn:uuid:7bfffb08-64a1-436b-8cd5-4588dd9d1c25",
        "timestamp" : "2025-02-19T12:45:29+01:00",
        "total" : 1,
        "offset" : 0,
        "parameter" : [{
          "name" : "count",
          "valueInteger" : 1000
        },
        {
          "name" : "offset",
          "valueInteger" : 0
        },
        {
          "name" : "excludeNested",
          "valueBoolean" : false
        },
        {
          "name" : "used-codesystem",
          "valueUri" : "http://sns.gob.es/fhir/tsi/CodeSystem/provinciasCS|1.0.0"
        }],
        "contains" : [{
          "system" : "http://sns.gob.es/fhir/tsi/CodeSystem/provinciasCS",
          "code" : "2",
          "display" : "ALBACETE"
        }]
      }
    }
  },
  {
    "fullUrl" : "http://sns.gob.es/fhir/tsi/ValueSet/situacionesVS",
    "resource" : {
      "resourceType" : "ValueSet",
      "text" : {
        "status" : "generated",
        "div" : "<div xmlns=\"http://www.w3.org/1999/xhtml\"><p class=\"res-header-id\"><b>Generated Narrative: ValueSet </b></p><p style=\"border: black 1px dotted; background-color: #EEEEEE; padding: 8px; margin-bottom: 8px\">Expansion done internally based on <a href=\"CodeSystem-situacionesCS.html\">codesystem CodeSystem Situaciones v1.0.0 (CodeSystem)</a></p><p>This value set contains 1 concepts</p><table class=\"codes\"><tr><td style=\"white-space:nowrap\"><b>Code</b></td><td><b>System</b></td><td><b>Display</b></td></tr><tr><td style=\"white-space:nowrap\"><a name=\"x-http://sns.gob.es/fhir/tsi/CodeSystem/situacionesCS-1\"> </a>\u00a0\u00a0<a href=\"CodeSystem-situacionesCS.html#situacionesCS-1\">1</a></td><td>http://sns.gob.es/fhir/tsi/CodeSystem/situacionesCS</td><td>ACTIVO</td></tr></table></div>"
      },
      "url" : "http://sns.gob.es/fhir/tsi/ValueSet/situacionesVS",
      "version" : "1.0.0",
      "name" : "SituacionesVS",
      "title" : "ValueSet Situaciones",
      "status" : "draft",
      "date" : "2025-02-19T12:43:17+01:00",
      "expansion" : {
        "identifier" : "urn:uuid:c53f223e-85d7-4f3a-b2c5-a8412ba7cb98",
        "timestamp" : "2025-02-19T12:45:29+01:00",
        "total" : 1,
        "offset" : 0,
        "parameter" : [{
          "name" : "count",
          "valueInteger" : 1000
        },
        {
          "name" : "offset",
          "valueInteger" : 0
        },
        {
          "name" : "excludeNested",
          "valueBoolean" : false
        },
        {
          "name" : "used-codesystem",
          "valueUri" : "http://sns.gob.es/fhir/tsi/CodeSystem/situacionesCS|1.0.0"
        }],
        "contains" : [{
          "system" : "http://sns.gob.es/fhir/tsi/CodeSystem/situacionesCS",
          "code" : "1",
          "display" : "ACTIVO"
        }]
      }
    }
  },
  {
    "fullUrl" : "http://sns.gob.es/fhir/tsi/ValueSet/subIndicadorFarmaciaVS",
    "resource" : {
      "resourceType" : "ValueSet",
      "text" : {
        "status" : "generated",
        "div" : "<div xmlns=\"http://www.w3.org/1999/xhtml\"><p class=\"res-header-id\"><b>Generated Narrative: ValueSet </b></p><p style=\"border: black 1px dotted; background-color: #EEEEEE; padding: 8px; margin-bottom: 8px\">Expansion done internally based on <a href=\"CodeSystem-subIndicadorFarmaciaCS.html\">codesystem CodeSystem Subindicador Farmacia v1.0.0 (CodeSystem)</a></p><p>This value set contains 1 concepts</p><table class=\"codes\"><tr><td style=\"white-space:nowrap\"><b>Code</b></td><td><b>System</b></td><td><b>Display</b></td></tr><tr><td style=\"white-space:nowrap\"><a name=\"x-http://sns.gob.es/fhir/tsi/CodeSystem/subIndicadorFarmaciaCS-01\"> </a>\u00a0\u00a0<a href=\"CodeSystem-subIndicadorFarmaciaCS.html#subIndicadorFarmaciaCS-01\">01</a></td><td>http://sns.gob.es/fhir/tsi/CodeSystem/subIndicadorFarmaciaCS</td><td>Límite de aportación mensual de 8€</td></tr></table></div>"
      },
      "url" : "http://sns.gob.es/fhir/tsi/ValueSet/subIndicadorFarmaciaVS",
      "version" : "1.0.0",
      "name" : "SubIndicadorFarmaciaVS",
      "title" : "ValueSet Subindicador Farmacia",
      "status" : "draft",
      "date" : "2025-02-19T12:43:17+01:00",
      "expansion" : {
        "identifier" : "urn:uuid:cd7461d6-1581-41df-a4b7-646e9dabafcd",
        "timestamp" : "2025-02-19T12:45:29+01:00",
        "total" : 1,
        "offset" : 0,
        "parameter" : [{
          "name" : "count",
          "valueInteger" : 1000
        },
        {
          "name" : "offset",
          "valueInteger" : 0
        },
        {
          "name" : "excludeNested",
          "valueBoolean" : false
        },
        {
          "name" : "used-codesystem",
          "valueUri" : "http://sns.gob.es/fhir/tsi/CodeSystem/subIndicadorFarmaciaCS|1.0.0"
        }],
        "contains" : [{
          "system" : "http://sns.gob.es/fhir/tsi/CodeSystem/subIndicadorFarmaciaCS",
          "code" : "01",
          "display" : "Límite de aportación mensual de 8€"
        }]
      }
    }
  },
  {
    "fullUrl" : "http://sns.gob.es/fhir/tsi/ValueSet/tipoViaVS",
    "resource" : {
      "resourceType" : "ValueSet",
      "text" : {
        "status" : "generated",
        "div" : "<div xmlns=\"http://www.w3.org/1999/xhtml\"><p class=\"res-header-id\"><b>Generated Narrative: ValueSet </b></p><p style=\"border: black 1px dotted; background-color: #EEEEEE; padding: 8px; margin-bottom: 8px\">Expansion done internally based on <a href=\"CodeSystem-tipoViaCS.html\">codesystem CodeSystem Tipo de Via v1.0.0 (CodeSystem)</a></p><p>This value set contains 1 concepts</p><table class=\"codes\"><tr><td style=\"white-space:nowrap\"><b>Code</b></td><td><b>System</b></td><td><b>Display</b></td></tr><tr><td style=\"white-space:nowrap\"><a name=\"x-http://sns.gob.es/fhir/tsi/CodeSystem/tipoViaCS-1\"> </a>\u00a0\u00a0<a href=\"CodeSystem-tipoViaCS.html#tipoViaCS-1\">1</a></td><td>http://sns.gob.es/fhir/tsi/CodeSystem/tipoViaCS</td><td>PLAZA</td></tr></table></div>"
      },
      "url" : "http://sns.gob.es/fhir/tsi/ValueSet/tipoViaVS",
      "version" : "1.0.0",
      "name" : "TipoViaVS",
      "title" : "ValueSet Tipo de Via",
      "status" : "draft",
      "date" : "2025-02-19T12:43:17+01:00",
      "expansion" : {
        "identifier" : "urn:uuid:1029a0c7-661e-4354-9ab5-19274f8231cf",
        "timestamp" : "2025-02-19T12:45:29+01:00",
        "total" : 1,
        "offset" : 0,
        "parameter" : [{
          "name" : "count",
          "valueInteger" : 1000
        },
        {
          "name" : "offset",
          "valueInteger" : 0
        },
        {
          "name" : "excludeNested",
          "valueBoolean" : false
        },
        {
          "name" : "used-codesystem",
          "valueUri" : "http://sns.gob.es/fhir/tsi/CodeSystem/tipoViaCS|1.0.0"
        }],
        "contains" : [{
          "system" : "http://sns.gob.es/fhir/tsi/CodeSystem/tipoViaCS",
          "code" : "1",
          "display" : "PLAZA"
        }]
      }
    }
  },
  {
    "fullUrl" : "http://sns.gob.es/fhir/tsi/ValueSet/titulosVS",
    "resource" : {
      "resourceType" : "ValueSet",
      "text" : {
        "status" : "generated",
        "div" : "<div xmlns=\"http://www.w3.org/1999/xhtml\"><p class=\"res-header-id\"><b>Generated Narrative: ValueSet </b></p><p style=\"border: black 1px dotted; background-color: #EEEEEE; padding: 8px; margin-bottom: 8px\">Expansion done internally based on <a href=\"CodeSystem-titulosCS.html\">codesystem CodeSystem Titulos v1.0.0 (CodeSystem)</a></p><p>This value set contains 1 concepts</p><table class=\"codes\"><tr><td style=\"white-space:nowrap\"><b>Code</b></td><td><b>System</b></td><td><b>Display</b></td></tr><tr><td style=\"white-space:nowrap\"><a name=\"x-http://sns.gob.es/fhir/tsi/CodeSystem/titulosCS-97\"> </a>\u00a0\u00a0<a href=\"CodeSystem-titulosCS.html#titulosCS-97\">97</a></td><td>http://sns.gob.es/fhir/tsi/CodeSystem/titulosCS</td><td>MUFACE oción privada</td></tr></table></div>"
      },
      "url" : "http://sns.gob.es/fhir/tsi/ValueSet/titulosVS",
      "version" : "1.0.0",
      "name" : "TitulosVS",
      "title" : "ValueSet Titulos",
      "status" : "draft",
      "date" : "2025-02-19T12:43:17+01:00",
      "expansion" : {
        "identifier" : "urn:uuid:31ead4c2-e0fa-4845-a100-28db39779aad",
        "timestamp" : "2025-02-19T12:45:29+01:00",
        "total" : 1,
        "offset" : 0,
        "parameter" : [{
          "name" : "count",
          "valueInteger" : 1000
        },
        {
          "name" : "offset",
          "valueInteger" : 0
        },
        {
          "name" : "excludeNested",
          "valueBoolean" : false
        },
        {
          "name" : "used-codesystem",
          "valueUri" : "http://sns.gob.es/fhir/tsi/CodeSystem/titulosCS|1.0.0"
        }],
        "contains" : [{
          "system" : "http://sns.gob.es/fhir/tsi/CodeSystem/titulosCS",
          "code" : "97",
          "display" : "MUFACE oción privada"
        }]
      }
    }
  }]
}