{
  "resourceType" : "CodeSystem",
  "id" : "gestorasCS",
  "text" : {
    "status" : "generated",
    "div" : "<div xmlns=\"http://www.w3.org/1999/xhtml\"><p class=\"res-header-id\"><b>Generated Narrative: CodeSystem gestorasCS</b></p><a name=\"gestorasCS\"> </a><a name=\"hcgestorasCS\"> </a><a name=\"gestorasCS-en-US\"> </a><p>This  code system <code>http://sns.gob.es/fhir/tsi/CodeSystem/gestorasCS</code> defines the following code:</p><table class=\"codes\"><tr><td style=\"white-space:nowrap\"><b>Code</b></td><td><b>Display</b></td></tr><tr><td style=\"white-space:nowrap\">9<a name=\"gestorasCS-9\"> </a></td><td>MUFACE</td></tr></table></div>"
  },
  "url" : "http://sns.gob.es/fhir/tsi/CodeSystem/gestorasCS",
  "version" : "1.0.0",
  "name" : "GestorasCS",
  "title" : "CodeSystem Gestoras",
  "status" : "draft",
  "date" : "2025-02-19T12:43:17+01:00",
  "publisher" : "SNS",
  "contact" : [{
    "name" : "SNS",
    "telecom" : [{
      "system" : "url",
      "value" : "https://sns.gob.es"
    },
    {
      "system" : "email",
      "value" : "my-group@example.com"
    }]
  }],
  "description" : "CodeSystem Gestoras",
  "content" : "complete",
  "count" : 1,
  "concept" : [{
    "code" : "9",
    "display" : "MUFACE"
  }]
}