{
  "resourceType" : "CodeSystem",
  "id" : "colaboradorasCS",
  "text" : {
    "status" : "generated",
    "div" : "<div xmlns=\"http://www.w3.org/1999/xhtml\"><p class=\"res-header-id\"><b>Generated Narrative: CodeSystem colaboradorasCS</b></p><a name=\"colaboradorasCS\"> </a><a name=\"hccolaboradorasCS\"> </a><a name=\"colaboradorasCS-en-US\"> </a><p>This  code system <code>http://sns.gob.es/fhir/tsi/CodeSystem/colaboradorasCS</code> defines the following code:</p><table class=\"codes\"><tr><td style=\"white-space:nowrap\"><b>Code</b></td><td><b>Display</b></td></tr><tr><td style=\"white-space:nowrap\">478<a name=\"colaboradorasCS-478\"> </a></td><td>COMUNIDAD DE MADRID</td></tr></table></div>"
  },
  "url" : "http://sns.gob.es/fhir/tsi/CodeSystem/colaboradorasCS",
  "version" : "1.0.0",
  "name" : "ColaboradorasCS",
  "title" : "CodeSystem Colaboradoras",
  "status" : "draft",
  "date" : "2025-02-19T12:43:17+01:00",
  "publisher" : "SNS",
  "contact" : [{
    "name" : "SNS",
    "telecom" : [{
      "system" : "url",
      "value" : "https://sns.gob.es"
    },
    {
      "system" : "email",
      "value" : "my-group@example.com"
    }]
  }],
  "description" : "CodeSystem Colaboradoras",
  "content" : "complete",
  "count" : 1,
  "concept" : [{
    "code" : "478",
    "display" : "COMUNIDAD DE MADRID"
  }]
}