{
  "resourceType" : "CodeSystem",
  "id" : "situacionesCS",
  "text" : {
    "status" : "generated",
    "div" : "<div xmlns=\"http://www.w3.org/1999/xhtml\"><p class=\"res-header-id\"><b>Generated Narrative: CodeSystem situacionesCS</b></p><a name=\"situacionesCS\"> </a><a name=\"hcsituacionesCS\"> </a><a name=\"situacionesCS-en-US\"> </a><p>This  code system <code>http://sns.gob.es/fhir/tsi/CodeSystem/situacionesCS</code> defines the following code:</p><table class=\"codes\"><tr><td style=\"white-space:nowrap\"><b>Code</b></td><td><b>Display</b></td></tr><tr><td style=\"white-space:nowrap\">1<a name=\"situacionesCS-1\"> </a></td><td>ACTIVO</td></tr></table></div>"
  },
  "url" : "http://sns.gob.es/fhir/tsi/CodeSystem/situacionesCS",
  "version" : "1.0.0",
  "name" : "SituacionesCS",
  "title" : "CodeSystem Situaciones",
  "status" : "draft",
  "date" : "2025-02-19T12:43:17+01:00",
  "publisher" : "SNS",
  "contact" : [{
    "name" : "SNS",
    "telecom" : [{
      "system" : "url",
      "value" : "https://sns.gob.es"
    },
    {
      "system" : "email",
      "value" : "my-group@example.com"
    }]
  }],
  "description" : "CodeSystem Situaciones",
  "content" : "complete",
  "count" : 1,
  "concept" : [{
    "code" : "1",
    "display" : "ACTIVO"
  }]
}