{
  "resourceType" : "CodeSystem",
  "id" : "comunidadesAutonomasCS",
  "text" : {
    "status" : "generated",
    "div" : "<div xmlns=\"http://www.w3.org/1999/xhtml\"><p class=\"res-header-id\"><b>Generated Narrative: CodeSystem comunidadesAutonomasCS</b></p><a name=\"comunidadesAutonomasCS\"> </a><a name=\"hccomunidadesAutonomasCS\"> </a><a name=\"comunidadesAutonomasCS-en-US\"> </a><p>This  code system <code>http://sns.gob.es/fhir/tsi/CodeSystem/comunidadesAutonomasCS</code> defines the following code:</p><table class=\"codes\"><tr><td style=\"white-space:nowrap\"><b>Code</b></td><td><b>Display</b></td></tr><tr><td style=\"white-space:nowrap\">9<a name=\"comunidadesAutonomasCS-9\"> </a></td><td>Cataluña</td></tr></table></div>"
  },
  "url" : "http://sns.gob.es/fhir/tsi/CodeSystem/comunidadesAutonomasCS",
  "version" : "1.0.0",
  "name" : "ComunidadesAutonomasCS",
  "title" : "CodeSystem Comunidades Autónomas",
  "status" : "draft",
  "date" : "2025-02-19T12:43:17+01:00",
  "publisher" : "SNS",
  "contact" : [{
    "name" : "SNS",
    "telecom" : [{
      "system" : "url",
      "value" : "https://sns.gob.es"
    },
    {
      "system" : "email",
      "value" : "my-group@example.com"
    }]
  }],
  "description" : "CodeSystem Comunidades Autónomas",
  "content" : "complete",
  "count" : 1,
  "concept" : [{
    "code" : "9",
    "display" : "Cataluña"
  }]
}