{
  "resourceType" : "Patient",
  "id" : "BBBBBBBBBB000432",
  "meta" : {
    "profile" : ["http://sns.gob.es/fhir/tsi/StructureDefinition/PatientSNS"]
  },
  "text" : {
    "status" : "generated",
    "div" : "<div xmlns=\"http://www.w3.org/1999/xhtml\"><p class=\"res-header-id\"><b>Generated Narrative: Patient BBBBBBBBBB000432</b></p><a name=\"BBBBBBBBBB000432\"> </a><a name=\"hcBBBBBBBBBB000432\"> </a><a name=\"BBBBBBBBBB000432-en-US\"> </a><p style=\"border: 1px #661aff solid; background-color: #e6e6ff; padding: 10px;\">CARLOTA FERNANDEZ FERNANDEZ  Female, DoB: 1985-11-03 ( CIP: ?ngen-9?\u00a0(use:\u00a0official,\u00a0))</p><hr/><table class=\"grid\"><tr><td style=\"background-color: #f3f5da\" title=\"Record is active\">Active:</td><td>true</td><td style=\"background-color: #f3f5da\" title=\"Known status of Patient\">Deceased:</td><td colspan=\"3\">2020-10-04</td></tr><tr><td style=\"background-color: #f3f5da\" title=\"Other Ids (see the one above)\">Other Ids:</td><td colspan=\"3\"><ul><li>CIP SNS/BBBBBBBBBB000432\u00a0(use:\u00a0official,\u00a0)</li><li>DNI / NIE/23054004T\u00a0(use:\u00a0official,\u00a0)</li><li>NASS_TITULAR/010000014123\u00a0(use:\u00a0official,\u00a0)</li></ul></td></tr><tr><td style=\"background-color: #f3f5da\" title=\"Ways to contact the Patient\">Contact Detail</td><td colspan=\"3\"><ul><li>ph: 983/117722(Work)</li><li>ph: 983117722(Work)</li><li>ph: 983/223344(Work)</li><li>ph: 983223344(Work)</li><li><a href=\"mailto:email@email.com\">email@email.com</a></li><li> CAÑADA DE GALLEGO 0 CONSULTORIO SMS CONSULTORIO SMS 30026000601 30 MURCIA 23080 España </li></ul></td></tr></table></div>"
  },
  "extension" : [{
    "url" : "http://sns.gob.es/fhir/TSI/StructureDefinition/patient-sexoNacimiento",
    "valueCoding" : {
      "system" : "http://sns.gob.es/fhir/TSI/CodeSystem/sexoNacimientoCS",
      "code" : "2",
      "display" : "MUJER"
    }
  },
  {
    "url" : "http://sns.gob.es/fhir/TSI/StructureDefinition/patient-birth-country",
    "valueCoding" : {
      "system" : "http://sns.gob.es/fhir/TSI/CodeSystem/paisesCS",
      "code" : "724",
      "display" : "España"
    }
  },
  {
    "url" : "http://sns.gob.es/fhir/TSI/StructureDefinition/patient-coverage-insurance",
    "valueCoding" : {
      "system" : "http://sns.gob.es/fhir/TSI/CodeSystem/aseguradorasCS",
      "code" : "1",
      "display" : "INSS"
    }
  },
  {
    "url" : "http://sns.gob.es/fhir/TSI/StructureDefinition/patient-coverage-mgt",
    "valueCoding" : {
      "system" : "http://sns.gob.es/fhir/TSI/CodeSystem/gestorasCS",
      "code" : "22",
      "display" : "SERVICIO MURCIANO DE SALUD"
    }
  },
  {
    "url" : "http://sns.gob.es/fhir/TSI/StructureDefinition/patient-coverage-providers",
    "valueCoding" : {
      "system" : "http://sns.gob.es/fhir/TSI/CodeSystem/proveedoresCS",
      "code" : "34",
      "display" : "SERVICIO MURCIANO DE SALUD"
    }
  },
  {
    "url" : "http://sns.gob.es/fhir/TSI/StructureDefinition/patient-coverage-title",
    "valueCoding" : {
      "system" : "http://sns.gob.es/fhir/TSI/CodeSystem/titulosCS",
      "code" : "19",
      "display" : "GENERICO SEGURIDAD SOCIAL"
    }
  },
  {
    "url" : "http://sns.gob.es/fhir/TSI/StructureDefinition/patient-coverage-situation",
    "valueCoding" : {
      "system" : "http://sns.gob.es/fhir/TSI/CodeSystem/situacionesCS",
      "code" : "1",
      "display" : "ACTIVO"
    }
  },
  {
    "url" : "http://sns.gob.es/fhir/TSI/StructureDefinition/patient-creation-date",
    "valueDate" : "2012-07-10"
  },
  {
    "url" : "http://sns.gob.es/fhir/TSI/StructureDefinition/estado-comprobacion-indef",
    "valueCoding" : {
      "system" : "http://sns.gob.es/fhir/TSI/CodeSystem/estadoIndefVS",
      "code" : "3",
      "display" : "Validado automático"
    }
  }],
  "identifier" : [{
    "use" : "official",
    "type" : {
      "coding" : [{
        "system" : "http://sns.gob.es/fhir/TSI/ValueSet/tipoDocumentoVS",
        "code" : "CIP-SNS",
        "display" : "CIP SNS"
      }]
    },
    "system" : "2.16.724.4.40",
    "value" : "BBBBBBBBBB000432"
  },
  {
    "use" : "official",
    "type" : {
      "coding" : [{
        "system" : "http://sns.gob.es/fhir/TSI/ValueSet/tipoDocumentoVS",
        "code" : "NNESP",
        "display" : "DNI / NIE"
      }]
    },
    "system" : "1.3.6.1.4.1.19126.3",
    "value" : "23054004T"
  },
  {
    "use" : "official",
    "type" : {
      "coding" : [{
        "system" : "http://sns.gob.es/fhir/TSI/ValueSet/tipoDocumentoVS",
        "code" : "NASS_TITULAR",
        "display" : "NASS_TITULAR"
      }]
    },
    "system" : "1.3.6.1.4.1.19126.4",
    "value" : "010000014123"
  },
  {
    "use" : "official",
    "type" : {
      "coding" : [{
        "system" : "http://sns.gob.es/fhir/TSI/ValueSet/tipoDocumentoVS",
        "code" : "CIP",
        "display" : "CIP"
      }]
    },
    "system" : "2.16.724.4.41",
    "assigner" : {
      "identifier" : {
        "system" : "2.16.724.4.42"
      }
    }
  }],
  "active" : true,
  "name" : [{
    "family" : "FERNANDEZ FERNANDEZ",
    "_family" : {
      "extension" : [{
        "url" : "http://sns.gob.es/fhir/TSI/StructureDefinition/patient-surname1",
        "valueString" : "FERNANDEZ"
      },
      {
        "url" : "http://sns.gob.es/fhir/TSI/StructureDefinition/patient-surname2",
        "valueString" : "FERNANDEZ"
      }]
    },
    "given" : ["CARLOTA"]
  }],
  "telecom" : [{
    "system" : "phone",
    "value" : "983/117722",
    "use" : "work",
    "rank" : 1
  },
  {
    "system" : "phone",
    "value" : "983117722",
    "use" : "work",
    "rank" : 2
  },
  {
    "system" : "phone",
    "value" : "983/223344",
    "use" : "work",
    "rank" : 3
  },
  {
    "system" : "phone",
    "value" : "983223344",
    "use" : "work",
    "rank" : 4
  },
  {
    "system" : "email",
    "value" : "email@email.com",
    "use" : "home",
    "rank" : 5
  }],
  "gender" : "female",
  "birthDate" : "1985-11-03",
  "deceasedDateTime" : "2020-10-04",
  "address" : [{
    "line" : [" CAÑADA DE GALLEGO 0 CONSULTORIO SMS CONSULTORIO SMS 30026000601 30"],
    "_line" : [{
      "extension" : [{
        "url" : "http://hl7.org/fhir/StructureDefinition/iso21090-ADXP-streetName",
        "valueString" : "CAÑADA DE GALLEGO"
      },
      {
        "url" : "http://hl7.org/fhir/StructureDefinition/iso21090-ADXP-houseNumber",
        "valueString" : "0"
      },
      {
        "url" : "http://sns.gob.es/fhir/TSI/StructureDefinition/patient-address-bloque",
        "valueString" : "CONSULTORIO SMS"
      },
      {
        "url" : "http://hl7.org/fhir/StructureDefinition/iso21090-ADXP-postBox",
        "valueString" : "30876"
      },
      {
        "url" : "http://sns.gob.es/fhir/TSI/StructureDefinition/patient-address-city",
        "valueCoding" : {
          "system" : "http://sns.gob.es/fhir/TSI/CodeSystem/municipiosCS",
          "code" : "30026000601",
          "display" : "CAÑADA DE GALLEGO"
        }
      },
      {
        "url" : "http://sns.gob.es/fhir/TSI/StructureDefinition/patient-address-district",
        "valueCoding" : {
          "system" : "http://sns.gob.es/fhir/TSI/CodeSystem/provinciasCS",
          "code" : "30",
          "display" : "MURCIA"
        }
      }]
    }],
    "city" : "MURCIA",
    "district" : "Madrid",
    "postalCode" : "23080",
    "country" : "España",
    "_country" : {
      "extension" : [{
        "url" : "http://hl7.org/fhir/StructureDefinition/iso21090-SC-coding",
        "valueCoding" : {
          "system" : "http://terminology.ehdsi.eu/ValueSet/eHDSICountry",
          "code" : "ES",
          "display" : "SPAIN"
        }
      }]
    }
  }]
}