{
  "resourceType" : "Patient",
  "id" : "BBBBBBBBBB009934",
  "meta" : {
    "profile" : ["http://sns.gob.es/fhir/tsi/StructureDefinition/PatientSNS"]
  },
  "text" : {
    "status" : "generated",
    "div" : "<div xmlns=\"http://www.w3.org/1999/xhtml\"><p class=\"res-header-id\"><b>Generated Narrative: Patient BBBBBBBBBB009934</b></p><a name=\"BBBBBBBBBB009934\"> </a><a name=\"hcBBBBBBBBBB009934\"> </a><a name=\"BBBBBBBBBB009934-en-US\"> </a><p style=\"border: 1px #661aff solid; background-color: #e6e6ff; padding: 10px;\">Paciente Primero Segundo  Male, DoB: 2001-05-17 ( CIP SNS: BBBBBBBBBB009931\u00a0(use:\u00a0official,\u00a0))</p><hr/><table class=\"grid\"><tr><td style=\"background-color: #f3f5da\" title=\"Record is active\">Active:</td><td colspan=\"3\">true</td></tr></table></div>"
  },
  "identifier" : [{
    "use" : "official",
    "type" : {
      "coding" : [{
        "system" : "http://sns.gob.es/fhir/TSI/ValueSet/tipoDocumentoVS",
        "code" : "CIP-SNS",
        "display" : "CIP SNS"
      }]
    },
    "system" : "2.16.724.4.40",
    "value" : "BBBBBBBBBB009931"
  }],
  "active" : true,
  "name" : [{
    "family" : "Primero Segundo",
    "given" : ["Paciente"]
  }],
  "gender" : "male",
  "birthDate" : "2001-05-17"
}