{
  "resourceType" : "Patient",
  "id" : "BBBBBBBBBB009933",
  "meta" : {
    "lastUpdated" : "2002-06-28T00:00:00Z",
    "profile" : ["http://sns.gob.es/fhir/tsi/StructureDefinition/PatientSNS"]
  },
  "text" : {
    "status" : "generated",
    "div" : "<div xmlns=\"http://www.w3.org/1999/xhtml\"><p class=\"res-header-id\"><b>Generated Narrative: Patient BBBBBBBBBB009933</b></p><a name=\"BBBBBBBBBB009933\"> </a><a name=\"hcBBBBBBBBBB009933\"> </a><a name=\"BBBBBBBBBB009933-en-US\"> </a><div style=\"display: inline-block; background-color: #d9e0e7; padding: 6px; margin: 4px; border: 1px solid #8da1b4; border-radius: 5px; line-height: 60%\"><p style=\"margin-bottom: 0px\">Last updated: 2002-06-28 00:00:00+0000</p><p style=\"margin-bottom: 0px\">Profile: <a href=\"StructureDefinition-PatientSNS.html\">Paciente</a></p></div><p style=\"border: 1px #661aff solid; background-color: #e6e6ff; padding: 10px;\">Paciente Primero Segundo  Male, DoB: 2001-05-17 ( CIP: ?ngen-9?\u00a0(use:\u00a0official,\u00a0))</p><hr/><table class=\"grid\"><tr><td style=\"background-color: #f3f5da\" title=\"Record is active\">Active:</td><td colspan=\"3\">false</td></tr><tr><td style=\"background-color: #f3f5da\" title=\"Other Ids (see the one above)\">Other Ids:</td><td colspan=\"3\"><ul><li>DNI/NIE/76200749R\u00a0(use:\u00a0official,\u00a0)</li><li>CIP SNS/BBBBBBBBBB009932\u00a0(use:\u00a0official,\u00a0)</li></ul></td></tr><tr><td style=\"background-color: #f3f5da\" title=\"Ways to contact the Patient\">Contact Detail</td><td colspan=\"3\">PLAZA MAYOR 20 13370 CIUDAD REAL CASTILLA LA MANCHA 13370 ESPAÑA </td></tr><tr><td style=\"background-color: #f3f5da\" title=\"The nationality of the patient.\"><a href=\"http://hl7.org/fhir/extensions/5.2.0/StructureDefinition-patient-nationality.html\">Patient Nationality</a></td><td colspan=\"3\">nacionalidadesCS 724: ESPAÑOLA</td></tr><tr><td style=\"background-color: #f3f5da\" title=\"A Sex Parameter for Clinical Use is a parameter that provides guidance on how a recipient should apply settings or reference ranges that are derived from observable information such as an organ inventory, recent hormone lab tests, genetic testing, menstrual status, obstetric history, etc..  This property is intended for use in clinical decision making, and indicates that treatment or diagnostic tests should consider best practices associated with the relevant reference population.  When exchanging these concepts, refer to the guidance in the [Gender Harmony Implementation Guide](http://hl7.org/xprod/ig/uv/gender-harmony/).\"><a href=\"http://hl7.org/fhir/extensions/5.2.0/StructureDefinition-patient-sexParameterForClinicalUse.html\">Patient Sex Parameter For Clinical Use</a></td><td colspan=\"3\">sexoCS 1: VARON</td></tr></table></div>"
  },
  "extension" : [{
    "url" : "http://sns.gob.es/fhir/TSI/StructureDefinition/patient-pharmacy-indicator",
    "valueCoding" : {
      "system" : "http://sns.gob.es/fhir/TSI/CodeSystem/indicadorFarmaciaCS",
      "code" : "TSI_001",
      "display" : "Exentos de aportación"
    }
  },
  {
    "url" : "http://sns.gob.es/fhir/TSI/StructureDefinition/patient-pharmacy-subindicator",
    "valueCoding" : {
      "system" : "http://sns.gob.es/fhir/TSI/CodeSystem/subIndicadorFarmaciaCS",
      "code" : "01",
      "display" : "Límite de aportación mensual de 8€"
    }
  },
  {
    "url" : "http://hl7.org/fhir/StructureDefinition/patient-sexParameterForClinicalUse",
    "valueCoding" : {
      "system" : "http://sns.gob.es/fhir/TSI/CodeSystem/sexoCS",
      "code" : "1",
      "display" : "VARON"
    }
  },
  {
    "url" : "http://sns.gob.es/fhir/TSI/StructureDefinition/patient-adscription-community",
    "valueCoding" : {
      "system" : "http://sns.gob.es/fhir/TSI/CodeSystem/comunidadesCS",
      "code" : "8",
      "display" : "CASTILLA LA MANCHA"
    }
  },
  {
    "url" : "http://sns.gob.es/fhir/TSI/StructureDefinition/patient-birth-community",
    "valueCoding" : {
      "system" : "http://sns.gob.es/fhir/TSI/CodeSystem/comunidadesCS",
      "code" : "8",
      "display" : "CASTILLA LA MANCHA"
    }
  },
  {
    "url" : "http://sns.gob.es/fhir/TSI/StructureDefinition/patient-birth-country",
    "valueCoding" : {
      "system" : "http://sns.gob.es/fhir/TSI/CodeSystem/paisesCS",
      "code" : "724",
      "display" : "ESPAÑA"
    }
  },
  {
    "url" : "http://hl7.org/fhir/StructureDefinition/patient-nationality",
    "valueCoding" : {
      "system" : "http://sns.gob.es/fhir/TSI/CodeSystem/nacionalidadesCS",
      "code" : "724",
      "display" : "ESPAÑOLA"
    }
  },
  {
    "url" : "http://sns.gob.es/fhir/TSI/StructureDefinition/patient-inscription-community",
    "valueCoding" : {
      "system" : "http://sns.gob.es/fhir/TSI/CodeSystem/comunidadesCS",
      "code" : "8",
      "display" : "CASTILLA LA MANCHA"
    }
  },
  {
    "url" : "http://sns.gob.es/fhir/TSI/StructureDefinition/patient-coverage-insurance",
    "valueCoding" : {
      "system" : "http://sns.gob.es/fhir/TSI/CodeSystem/aseguradorasCS",
      "code" : "3",
      "display" : "MUFACE"
    }
  },
  {
    "url" : "http://sns.gob.es/fhir/TSI/StructureDefinition/patient-coverage-mgt",
    "valueCoding" : {
      "system" : "http://sns.gob.es/fhir/TSI/CodeSystem/gestorasCS",
      "code" : "9",
      "display" : "MUFACE"
    }
  },
  {
    "url" : "http://sns.gob.es/fhir/TSI/StructureDefinition/patient-coverage-entities",
    "valueCoding" : {
      "system" : "http://sns.gob.es/fhir/TSI/CodeSystem/colaboradorasCS",
      "code" : "478",
      "display" : "COMUNIDAD DE MADRID"
    }
  },
  {
    "url" : "http://sns.gob.es/fhir/TSI/StructureDefinition/patient-coverage-providers",
    "valueCoding" : {
      "system" : "http://sns.gob.es/fhir/TSI/CodeSystem/proveedoresCS",
      "code" : "20",
      "display" : "DKV SEGUROS"
    }
  },
  {
    "url" : "http://sns.gob.es/fhir/TSI/StructureDefinition/patient-coverage-title",
    "valueCoding" : {
      "system" : "http://sns.gob.es/fhir/TSI/CodeSystem/titulosCS",
      "code" : "97",
      "display" : "MUFACE opción privada"
    }
  },
  {
    "url" : "http://sns.gob.es/fhir/TSI/StructureDefinition/patient-coverage-situation",
    "valueCoding" : {
      "system" : "http://sns.gob.es/fhir/TSI/CodeSystem/situacionesCS",
      "code" : "1",
      "display" : "ACTIVO"
    }
  },
  {
    "url" : "http://sns.gob.es/fhir/TSI/StructureDefinition/patient-passive-cause",
    "valueCoding" : {
      "system" : "http://sns.gob.es/fhir/TSI/CodeSystem/estadosCS",
      "code" : "1",
      "display" : "BAJA EN SERVICIO DE SALUD"
    }
  },
  {
    "url" : "http://sns.gob.es/fhir/TSI/StructureDefinition/patient-passive-date",
    "valueDate" : "2022-08-01"
  },
  {
    "url" : "http://sns.gob.es/fhir/TSI/StructureDefinition/patient-creation-date",
    "valueDate" : "2022-08-01"
  },
  {
    "url" : "http://sns.gob.es/fhir/TSI/StructureDefinition/patient-foreigner",
    "valueString" : "0"
  }],
  "identifier" : [{
    "use" : "official",
    "type" : {
      "coding" : [{
        "system" : "http://sns.gob.es/fhir/TSI/CodeSystem/tipoDocumentoCS",
        "code" : "NNESP",
        "display" : "DNI/NIE"
      }]
    },
    "system" : "1.3.6.1.4.1.19126.3",
    "value" : "76200749R"
  },
  {
    "use" : "official",
    "type" : {
      "coding" : [{
        "system" : "http://sns.gob.es/fhir/TSI/CodeSystem/tipoDocumentoCS",
        "code" : "CIP-SNS",
        "display" : "CIP SNS"
      }]
    },
    "system" : "2.16.724.4.40",
    "value" : "BBBBBBBBBB009932"
  },
  {
    "use" : "official",
    "type" : {
      "coding" : [{
        "system" : "http://sns.gob.es/fhir/TSI/CodeSystem/tipoDocumentoCS",
        "code" : "CIP",
        "display" : "CIP"
      }]
    },
    "system" : "2.16.724.4.41",
    "assigner" : {
      "identifier" : {
        "system" : "2.16.724.4.42",
        "value" : "80724000130"
      }
    }
  }],
  "active" : false,
  "name" : [{
    "family" : "Primero Segundo",
    "_family" : {
      "extension" : [{
        "url" : "http://sns.gob.es/fhir/TSI/StructureDefinition/fathersFamily",
        "valueString" : "Primero"
      },
      {
        "url" : "http://sns.gob.es/fhir/TSI/StructureDefinition/mothersFamily",
        "valueString" : "Segundo"
      }]
    },
    "given" : ["Paciente"]
  }],
  "gender" : "male",
  "birthDate" : "2001-05-17",
  "address" : [{
    "line" : ["PLAZA MAYOR 20 13370"],
    "_line" : [{
      "extension" : [{
        "url" : "http://hl7.org/fhir/StructureDefinition/iso21090-ADXP-streetNameType",
        "valueCoding" : {
          "system" : "http://sns.gob.es/fhir/TSI/CodeSystem/tipoViaCS",
          "code" : "1",
          "display" : "PLAZA"
        }
      },
      {
        "url" : "http://hl7.org/fhir/StructureDefinition/iso21090-ADXP-streetName",
        "valueString" : "MAYOR"
      },
      {
        "url" : "http://hl7.org/fhir/StructureDefinition/iso21090-ADXP-houseNumber",
        "valueString" : "20"
      },
      {
        "url" : "http://hl7.org/fhir/StructureDefinition/iso21090-ADXP-postBox",
        "valueString" : "13370"
      }]
    }],
    "city" : "CIUDAD REAL",
    "district" : "CIUDAD REAL",
    "state" : "CASTILLA LA MANCHA",
    "postalCode" : "13370",
    "country" : "ESPAÑA",
    "_country" : {
      "extension" : [{
        "url" : "http://hl7.org/fhir/StructureDefinition/iso21090-SC-coding",
        "valueCoding" : {
          "system" : "http://terminology.ehdsi.eu/ValueSet/eHDSICountry",
          "code" : "724",
          "display" : "ESPAÑA"
        }
      }]
    }
  }]
}